name,name2,date,confirmed,deaths,new,active,healed
Moscow_Russia,RU-MOW,2020.05.03,68606,729,5948,60848,7029
Moscow_oblast_Russia,RU-MOS,2020.05.03,14136,111,822,13518,507
Saint_Petersburg_Russia,RU-SPE,2020.05.03,5029,34,295,3934,1061
Nizhegorodskaya_oblast_Russia,RU-NIZ,2020.05.03,2695,16,252,2333,346
Republic_of_Dagestan_Russia,RU-DA,2020.05.03,1798,13,136,1602,183
Murmansk_oblast_Russia,RU-MUR,2020.05.03,1694,4,238,1568,122
Krasnodarskiy_kray_Russia,RU-KDA,2020.05.03,1244,20,82,852,372
Tula_oblast_Russia,RU-TUL,2020.05.03,1218,8,83,1067,143
Rostov_oblast_Russia,RU-ROS,2020.05.03,1178,9,72,1057,112
Briansk_oblast_Russia,RU-BRY,2020.05.03,1148,9,86,863,276
Kaluga_oblast_Russia,RU-KLU,2020.05.03,1136,12,71,1016,108
Sverdlov_oblast_Russia,RU-SVE,2020.05.03,1091,1,75,964,126
Ryazan_oblast_Russia,RU-RYA,2020.05.03,1076,5,55,985,86
Leningradskaya_oblast_Russia,RU-LEN,2020.05.03,1037,3,62,846,188
Republic_of_Tatarstan_Russia,RU-TA,2020.05.03,1031,2,71,914,115
Republic_of_Bashkortostan_Russia,RU-BA,2020.05.03,1022,14,87,825,183
Republic_of_North_Osetia_-_Alania_Russia,RU-SE,2020.05.03,990,6,69,898,86
Kursk_oblast_Russia,RU-KRS,2020.05.03,928,4,67,798,126
Ingushetia_republic_Russia,RU-IN,2020.05.03,865,25,51,682,158
Vladimir_oblast_Russia,RU-VLA,2020.05.03,830,7,55,786,37
Republic_of_Mordovia_Russia,RU-MO,2020.05.03,808,3,43,708,97
Tambov_oblast_Russia,RU-TAM,2020.05.03,789,2,60,674,113
Krasnoyarskiy_kray_Russia,RU-KYA,2020.05.03,781,11,17,617,153
Republic_of_Chuvashia_Russia,RU-CU,2020.05.03,731,8,55,589,134
Stavropolskiy_kray_Russia,RU-STA,2020.05.03,731,15,55,581,135
Yaroslavl_oblast_Russia,RU-YAR,2020.05.03,710,5,76,606,99
Komi_republic_Russia,RU-KO,2020.05.03,676,5,20,564,107
Republic_of_Mariy_El_Russia,RU-ME,2020.05.03,668,4,40,267,397
Orel_oblast_Russia,RU-ORL,2020.05.03,662,7,68,544,111
Tver_oblast_Russia,RU-TVE,2020.05.03,661,3,51,584,74
Republic_of_Kabardino-Balkaria_Russia,RU-KB,2020.05.03,634,2,90,531,101
Cheliabinsk_oblast_Russia,RU-CHE,2020.05.03,631,2,63,560,69
Habarovskiy_kray_Russia,RU-KHA,2020.05.03,629,7,34,505,117
Novosibirsk_oblast_Russia,RU-NVS,2020.05.03,620,7,51,494,119
Orenburg_oblast_Russia,RU-ORE,2020.05.03,619,4,28,398,217
Yamalo-Nenetskiy_AO_Russia,RU-YAN,2020.05.03,608,3,51,476,129
Voronezh_oblast_Russia,RU-VOR,2020.05.03,602,9,37,480,113
Perm_oblast_Russia,RU-PER,2020.05.03,595,9,39,420,166
Saratov_oblast_Russia,RU-SAR,2020.05.03,585,3,50,487,95
Kirov_oblast_Russia,RU-KIR,2020.05.03,585,4,42,509,72
Chechen_republic_Russia,RU-CE,2020.05.03,553,8,28,259,286
Lipetsk_oblast_Russia,RU-LIP,2020.05.03,520,2,39,412,106
Samara_oblast_Russia,RU-SAM,2020.05.03,518,5,85,455,58
Pensa_oblast_Russia,RU-PNZ,2020.05.03,512,7,31,335,170
Smolensk_oblast_Russia,RU-SMO,2020.05.03,508,3,9,424,81
Ulianovsk_oblast_Russia,RU-ULY,2020.05.03,499,4,38,412,83
Altayskiy_kray_Russia,RU-ALT,2020.05.03,498,1,47,421,76
Tumen_oblast_Russia,RU-TYU,2020.05.03,495,3,37,331,161
Primorskiy_kray_Russia,RU-PRI,2020.05.03,494,4,39,424,66
Astrahan_oblast_Russia,RU-AST,2020.05.03,487,4,76,390,93
Kaliningrad_oblast_Russia,RU-KGD,2020.05.03,479,6,41,359,114
Volgograd_oblast_Russia,RU-VGG,2020.05.03,474,10,42,376,88
Ivanovo_oblast_Russia,RU-IVA,2020.05.03,456,4,22,365,87
Belgorod_oblast_Russia,RU-BEL,2020.05.03,454,5,35,390,59
Hanty-Mansiyskiy_AO_Russia,RU-KHM,2020.05.03,449,3,35,328,118
Republic_of_Karachaevo-Cherkessia_Russia,RU-KC,2020.05.03,430,2,18,406,22
Republic_of_Buriatia_Russia,RU-BU,2020.05.03,355,4,30,249,102
Novgorod_oblast_Russia,RU-NGR,2020.05.03,348,2,26,307,39
Kamchatskiy_kray_Russia,RU-KAM,2020.05.03,311,0,25,281,30
Republic_of_Kalmykia_Russia,RU-KL,2020.05.03,283,5,29,225,53
Saha_republic_Russia,RU-SA,2020.05.03,282,4,19,239,39
Republic_of_Hakassia_Russia,RU-KK,2020.05.03,272,7,6,243,22
Republic_of_Udmurtia_Russia,RU-UD,2020.05.03,271,9,27,206,56
Arkhangelsk_oblast_Russia,RU-ARK,2020.05.03,260,1,22,190,69
Kostroma_oblast_Russia,RU-KOS,2020.05.03,253,3,12,205,45
Vologda_oblast_Russia,RU-VLG,2020.05.03,219,0,20,151,68
Pskov_oblast_Russia,RU-PSK,2020.05.03,195,8,18,168,19
Republic_of_Adygeia_Russia,RU-AD,2020.05.03,178,6,10,96,76
Zabaykalskiy_kray_Russia,RU-ZAB,2020.05.03,167,0,12,114,53
Kemerovo_oblast_Russia,RU-KEM,2020.05.03,153,2,11,129,22
Irkutsk_oblast_Russia,RU-IRK,2020.05.03,150,4,20,88,58
Jewish_Autonomous_oblast_Russia,RU-YEV,2020.05.03,143,0,9,130,13
Omsk_oblast_Russia,RU-OMS,2020.05.03,127,3,11,97,27
Tomsk_oblast_Russia,RU-TOM,2020.05.03,119,1,17,91,27
Magadan_oblast_Russia,RU-MAG,2020.05.03,116,2,2,80,34
Republic_of_Crimea_Russia,UA-43,2020.05.03,104,0,4,66,38
Sevastopol_Russia,UA-40,2020.05.03,89,2,3,77,10
Republic_of_Karelia_Russia,RU-KR,2020.05.03,85,0,4,72,13
Amursk_oblast_Russia,RU-AMU,2020.05.03,79,1,7,65,13
Kurgan_oblast_Russia,RU-KGN,2020.05.03,51,0,2,40,11
Nenetskiy_autonomous_oblast_Russia,RU-NEN,2020.05.03,45,0,11,44,1
Republic_of_Tyva_Russia,RU-TY,2020.05.03,43,0,3,14,29
Altay_republic_Russia,RU-AL,2020.05.03,36,0,1,35,1
Sakhalin_oblast_Russia,RU-SAK,2020.05.03,26,0,2,7,19
Chukotskiy_autonomous_oblast_Russia,RU-CHU,2020.05.03,24,0,1,22,2
Moscow_Russia,RU-MOW,2020.05.02,62658,695,5358,55589,6374
Moscow_oblast_Russia,RU-MOS,2020.05.02,13314,109,807,12702,503
Saint_Petersburg_Russia,RU-SPE,2020.05.02,4734,33,323,3824,877
Nizhegorodskaya_oblast_Russia,RU-NIZ,2020.05.02,2443,14,320,2111,318
Republic_of_Dagestan_Russia,RU-DA,2020.05.02,1662,12,109,1480,170
Murmansk_oblast_Russia,RU-MUR,2020.05.02,1456,4,143,1336,116
Krasnodarskiy_kray_Russia,RU-KDA,2020.05.02,1162,20,79,823,319
Tula_oblast_Russia,RU-TUL,2020.05.02,1135,7,88,990,138
Rostov_oblast_Russia,RU-ROS,2020.05.02,1106,9,80,996,101
Kaluga_oblast_Russia,RU-KLU,2020.05.02,1065,12,59,958,95
Briansk_oblast_Russia,RU-BRY,2020.05.02,1062,9,73,792,261
Ryazan_oblast_Russia,RU-RYA,2020.05.02,1021,5,98,952,64
Sverdlov_oblast_Russia,RU-SVE,2020.05.02,1016,1,81,895,120
Leningradskaya_oblast_Russia,RU-LEN,2020.05.02,975,3,46,802,170
Republic_of_Tatarstan_Russia,RU-TA,2020.05.02,960,2,66,858,100
Republic_of_Bashkortostan_Russia,RU-BA,2020.05.02,935,14,92,745,176
Republic_of_North_Osetia_-_Alania_Russia,RU-SE,2020.05.02,921,4,85,831,86
Kursk_oblast_Russia,RU-KRS,2020.05.02,861,4,69,754,103
Ingushetia_republic_Russia,RU-IN,2020.05.02,814,23,45,639,152
Vladimir_oblast_Russia,RU-VLA,2020.05.02,775,7,60,731,37
Republic_of_Mordovia_Russia,RU-MO,2020.05.02,765,3,37,668,94
Krasnoyarskiy_kray_Russia,RU-KYA,2020.05.02,764,9,50,609,146
Tambov_oblast_Russia,RU-TAM,2020.05.02,729,2,54,617,110
Republic_of_Chuvashia_Russia,RU-CU,2020.05.02,676,8,49,537,131
Stavropolskiy_kray_Russia,RU-STA,2020.05.02,676,14,25,546,116
Komi_republic_Russia,RU-KO,2020.05.02,656,5,7,560,91
Yaroslavl_oblast_Russia,RU-YAR,2020.05.02,634,5,64,565,64
Republic_of_Mariy_El_Russia,RU-ME,2020.05.02,628,3,31,252,373
Tver_oblast_Russia,RU-TVE,2020.05.02,610,3,46,533,74
Habarovskiy_kray_Russia,RU-KHA,2020.05.02,595,7,29,489,99
Orel_oblast_Russia,RU-ORL,2020.05.02,594,6,32,500,88
Orenburg_oblast_Russia,RU-ORE,2020.05.02,591,4,22,397,190
Novosibirsk_oblast_Russia,RU-NVS,2020.05.02,569,7,43,457,105
Cheliabinsk_oblast_Russia,RU-CHE,2020.05.02,568,2,30,500,66
Voronezh_oblast_Russia,RU-VOR,2020.05.02,565,9,36,472,84
Yamalo-Nenetskiy_AO_Russia,RU-YAN,2020.05.02,557,1,43,438,118
Perm_oblast_Russia,RU-PER,2020.05.02,556,9,32,386,161
Republic_of_Kabardino-Balkaria_Russia,RU-KB,2020.05.02,544,2,45,451,91
Kirov_oblast_Russia,RU-KIR,2020.05.02,543,4,32,480,59
Saratov_oblast_Russia,RU-SAR,2020.05.02,535,3,48,459,73
Chechen_republic_Russia,RU-CE,2020.05.02,525,8,21,241,276
Smolensk_oblast_Russia,RU-SMO,2020.05.02,499,3,44,427,69
Pensa_oblast_Russia,RU-PNZ,2020.05.02,481,7,33,326,148
Lipetsk_oblast_Russia,RU-LIP,2020.05.02,481,2,35,390,89
Ulianovsk_oblast_Russia,RU-ULY,2020.05.02,461,4,32,379,78
Tumen_oblast_Russia,RU-TYU,2020.05.02,458,3,16,315,140
Primorskiy_kray_Russia,RU-PRI,2020.05.02,455,4,25,390,61
Altayskiy_kray_Russia,RU-ALT,2020.05.02,451,1,28,381,69
Kaliningrad_oblast_Russia,RU-KGD,2020.05.02,438,6,43,334,98
Ivanovo_oblast_Russia,RU-IVA,2020.05.02,434,3,31,346,85
Samara_oblast_Russia,RU-SAM,2020.05.02,433,5,41,375,53
Volgograd_oblast_Russia,RU-VGG,2020.05.02,432,9,46,335,88
Belgorod_oblast_Russia,RU-BEL,2020.05.02,419,5,36,367,47
Hanty-Mansiyskiy_AO_Russia,RU-KHM,2020.05.02,414,3,9,299,112
Republic_of_Karachaevo-Cherkessia_Russia,RU-KC,2020.05.02,412,2,14,395,15
Astrahan_oblast_Russia,RU-AST,2020.05.02,411,4,27,324,83
Republic_of_Buriatia_Russia,RU-BU,2020.05.02,325,4,28,225,96
Novgorod_oblast_Russia,RU-NGR,2020.05.02,322,2,25,289,31
Kamchatskiy_kray_Russia,RU-KAM,2020.05.02,286,0,5,264,22
Republic_of_Hakassia_Russia,RU-KK,2020.05.02,266,7,9,237,22
Saha_republic_Russia,RU-SA,2020.05.02,263,3,34,225,35
Republic_of_Kalmykia_Russia,RU-KL,2020.05.02,254,4,23,209,41
Republic_of_Udmurtia_Russia,RU-UD,2020.05.02,244,9,7,190,45
Kostroma_oblast_Russia,RU-KOS,2020.05.02,241,3,14,196,42
Arkhangelsk_oblast_Russia,RU-ARK,2020.05.02,238,1,25,168,69
Vologda_oblast_Russia,RU-VLG,2020.05.02,199,0,15,134,65
Pskov_oblast_Russia,RU-PSK,2020.05.02,177,8,24,150,19
Republic_of_Adygeia_Russia,RU-AD,2020.05.02,168,5,3,114,49
Zabaykalskiy_kray_Russia,RU-ZAB,2020.05.02,155,0,21,106,49
Kemerovo_oblast_Russia,RU-KEM,2020.05.02,142,2,14,121,19
Jewish_Autonomous_oblast_Russia,RU-YEV,2020.05.02,134,0,3,121,13
Irkutsk_oblast_Russia,RU-IRK,2020.05.02,130,4,7,73,53
Omsk_oblast_Russia,RU-OMS,2020.05.02,116,3,9,87,26
Magadan_oblast_Russia,RU-MAG,2020.05.02,114,2,4,78,34
Tomsk_oblast_Russia,RU-TOM,2020.05.02,102,1,5,77,24
Republic_of_Crimea_Russia,UA-43,2020.05.02,100,0,8,62,38
Sevastopol_Russia,UA-40,2020.05.02,86,1,1,75,10
Republic_of_Karelia_Russia,RU-KR,2020.05.02,81,0,7,70,11
Amursk_oblast_Russia,RU-AMU,2020.05.02,72,1,5,58,13
Kurgan_oblast_Russia,RU-KGN,2020.05.02,49,0,4,38,11
Republic_of_Tyva_Russia,RU-TY,2020.05.02,40,0,1,11,29
Altay_republic_Russia,RU-AL,2020.05.02,35,0,2,34,1
Nenetskiy_autonomous_oblast_Russia,RU-NEN,2020.05.02,34,0,0,33,1
Sakhalin_oblast_Russia,RU-SAK,2020.05.02,24,0,0,5,19
Chukotskiy_autonomous_oblast_Russia,RU-CHU,2020.05.02,23,0,3,21,2
Moscow_Russia,RU-MOW,2020.05.01,57300
Moscow_oblast_Russia,RU-MOS,2020.05.01,12507
Saint_Petersburg_Russia,RU-SPE,2020.05.01,4411
Nizhegorodskaya_oblast_Russia,RU-NIZ,2020.05.01,2123
Republic_of_Dagestan_Russia,RU-DA,2020.05.01,1553
Murmansk_oblast_Russia,RU-MUR,2020.05.01,1313
Krasnodarskiy_kray_Russia,RU-KDA,2020.05.01,1083
Tula_oblast_Russia,RU-TUL,2020.05.01,1047
Rostov_oblast_Russia,RU-ROS,2020.05.01,1026
Kaluga_oblast_Russia,RU-KLU,2020.05.01,1006
Briansk_oblast_Russia,RU-BRY,2020.05.01,989
Sverdlov_oblast_Russia,RU-SVE,2020.05.01,935
Leningradskaya_oblast_Russia,RU-LEN,2020.05.01,929
Ryazan_oblast_Russia,RU-RYA,2020.05.01,923
Republic_of_Tatarstan_Russia,RU-TA,2020.05.01,894
Republic_of_Bashkortostan_Russia,RU-BA,2020.05.01,843
Republic_of_North_Osetia_-_Alania_Russia,RU-SE,2020.05.01,836
Kursk_oblast_Russia,RU-KRS,2020.05.01,792
Ingushetia_republic_Russia,RU-IN,2020.05.01,769
Republic_of_Mordovia_Russia,RU-MO,2020.05.01,728
Vladimir_oblast_Russia,RU-VLA,2020.05.01,715
Krasnoyarskiy_kray_Russia,RU-KYA,2020.05.01,714
Tambov_oblast_Russia,RU-TAM,2020.05.01,675
Stavropolskiy_kray_Russia,RU-STA,2020.05.01,651
Komi_republic_Russia,RU-KO,2020.05.01,649
Republic_of_Chuvashia_Russia,RU-CU,2020.05.01,627
Republic_of_Mariy_El_Russia,RU-ME,2020.05.01,597
Yaroslavl_oblast_Russia,RU-YAR,2020.05.01,570
Orenburg_oblast_Russia,RU-ORE,2020.05.01,569
Habarovskiy_kray_Russia,RU-KHA,2020.05.01,566
Tver_oblast_Russia,RU-TVE,2020.05.01,564
Orel_oblast_Russia,RU-ORL,2020.05.01,562
Cheliabinsk_oblast_Russia,RU-CHE,2020.05.01,538
Voronezh_oblast_Russia,RU-VOR,2020.05.01,529
Novosibirsk_oblast_Russia,RU-NVS,2020.05.01,526
Perm_oblast_Russia,RU-PER,2020.05.01,524
Yamalo-Nenetskiy_AO_Russia,RU-YAN,2020.05.01,514
Kirov_oblast_Russia,RU-KIR,2020.05.01,511
Chechen_republic_Russia,RU-CE,2020.05.01,504
Republic_of_Kabardino-Balkaria_Russia,RU-KB,2020.05.01,499
Saratov_oblast_Russia,RU-SAR,2020.05.01,487
Smolensk_oblast_Russia,RU-SMO,2020.05.01,455
Pensa_oblast_Russia,RU-PNZ,2020.05.01,448
Lipetsk_oblast_Russia,RU-LIP,2020.05.01,446
Tumen_oblast_Russia,RU-TYU,2020.05.01,442
Primorskiy_kray_Russia,RU-PRI,2020.05.01,430
Ulianovsk_oblast_Russia,RU-ULY,2020.05.01,429
Altayskiy_kray_Russia,RU-ALT,2020.05.01,423
Hanty-Mansiyskiy_AO_Russia,RU-KHM,2020.05.01,405
Ivanovo_oblast_Russia,RU-IVA,2020.05.01,403
Republic_of_Karachaevo-Cherkessia_Russia,RU-KC,2020.05.01,398
Kaliningrad_oblast_Russia,RU-KGD,2020.05.01,395
Samara_oblast_Russia,RU-SAM,2020.05.01,392
Volgograd_oblast_Russia,RU-VGG,2020.05.01,386
Astrahan_oblast_Russia,RU-AST,2020.05.01,384
Belgorod_oblast_Russia,RU-BEL,2020.05.01,383
Novgorod_oblast_Russia,RU-NGR,2020.05.01,297
Republic_of_Buriatia_Russia,RU-BU,2020.05.01,297
Kamchatskiy_kray_Russia,RU-KAM,2020.05.01,281
Republic_of_Hakassia_Russia,RU-KK,2020.05.01,257
Republic_of_Udmurtia_Russia,RU-UD,2020.05.01,237
Republic_of_Kalmykia_Russia,RU-KL,2020.05.01,231
Saha_republic_Russia,RU-SA,2020.05.01,229
Kostroma_oblast_Russia,RU-KOS,2020.05.01,227
Arkhangelsk_oblast_Russia,RU-ARK,2020.05.01,213
Vologda_oblast_Russia,RU-VLG,2020.05.01,184
Republic_of_Adygeia_Russia,RU-AD,2020.05.01,165
Pskov_oblast_Russia,RU-PSK,2020.05.01,153
Zabaykalskiy_kray_Russia,RU-ZAB,2020.05.01,134
Jewish_Autonomous_oblast_Russia,RU-YEV,2020.05.01,131
Kemerovo_oblast_Russia,RU-KEM,2020.05.01,128
Irkutsk_oblast_Russia,RU-IRK,2020.05.01,123
Magadan_oblast_Russia,RU-MAG,2020.05.01,110
Omsk_oblast_Russia,RU-OMS,2020.05.01,107
Tomsk_oblast_Russia,RU-TOM,2020.05.01,97
Republic_of_Crimea_Russia,UA-43,2020.05.01,92
Sevastopol_Russia,UA-40,2020.05.01,85
Republic_of_Karelia_Russia,RU-KR,2020.05.01,74
Amursk_oblast_Russia,RU-AMU,2020.05.01,67
Kurgan_oblast_Russia,RU-KGN,2020.05.01,45
Republic_of_Tyva_Russia,RU-TY,2020.05.01,39
Nenetskiy_autonomous_oblast_Russia,RU-NEN,2020.05.01,34
Altay_republic_Russia,RU-AL,2020.05.01,33
Sakhalin_oblast_Russia,RU-SAK,2020.05.01,24
Chukotskiy_autonomous_oblast_Russia,RU-CHU,2020.05.01,20
Russia,RUS,2020.05.03,134687
Russia,RUS,2020.05.02,124054
Russia,RUS,2020.05.01,114431
Russia,RUS,2020.04.30,106498
Russia,RUS,2020.04.29,99399
Moscow_Russia,RU-MOW,2020.04.30,53739
Moscow_oblast_Russia,RU-MOS,2020.04.30,11710
Saint_Petersburg_Russia,RU-SPE,2020.04.30,4062
Nizhegorodskaya_oblast_Russia,RU-NIZ,2020.04.30,1944
Republic_of_Dagestan_Russia,RU-DA,2020.04.30,1389
Murmansk_oblast_Russia,RU-MUR,2020.04.30,1227
Krasnodarskiy_kray_Russia,RU-KDA,2020.04.30,1017
Tula_oblast_Russia,RU-TUL,2020.04.30,965
Rostov_oblast_Russia,RU-ROS,2020.04.30,943
Briansk_oblast_Russia,RU-BRY,2020.04.30,901
Leningradskaya_oblast_Russia,RU-LEN,2020.04.30,885
Kaluga_oblast_Russia,RU-KLU,2020.04.30,885
Ryazan_oblast_Russia,RU-RYA,2020.04.30,880
Republic_of_Tatarstan_Russia,RU-TA,2020.04.30,823
Republic_of_Bashkortostan_Russia,RU-BA,2020.04.30,766
Republic_of_North_Osetia_-_Alania_Russia,RU-SE,2020.04.30,763
Kursk_oblast_Russia,RU-KRS,2020.04.30,726
Ingushetia_republic_Russia,RU-IN,2020.04.30,722
Sverdlov_oblast_Russia,RU-SVE,2020.04.30,703
Republic_of_Mordovia_Russia,RU-MO,2020.04.30,698
Vladimir_oblast_Russia,RU-VLA,2020.04.30,669
Krasnoyarskiy_kray_Russia,RU-KYA,2020.04.30,666
Komi_republic_Russia,RU-KO,2020.04.30,621
Tambov_oblast_Russia,RU-TAM,2020.04.30,612
Republic_of_Chuvashia_Russia,RU-CU,2020.04.30,586
Republic_of_Mariy_El_Russia,RU-ME,2020.04.30,566
Stavropolskiy_kray_Russia,RU-STA,2020.04.30,562
Habarovskiy_kray_Russia,RU-KHA,2020.04.30,536
Tver_oblast_Russia,RU-TVE,2020.04.30,535
Orel_oblast_Russia,RU-ORL,2020.04.30,525
Orenburg_oblast_Russia,RU-ORE,2020.04.30,520
Yaroslavl_oblast_Russia,RU-YAR,2020.04.30,506
Perm_oblast_Russia,RU-PER,2020.04.30,500
Cheliabinsk_oblast_Russia,RU-CHE,2020.04.30,494
Kirov_oblast_Russia,RU-KIR,2020.04.30,493
Voronezh_oblast_Russia,RU-VOR,2020.04.30,493
Chechen_republic_Russia,RU-CE,2020.04.30,485
Novosibirsk_oblast_Russia,RU-NVS,2020.04.30,471
Yamalo-Nenetskiy_AO_Russia,RU-YAN,2020.04.30,463
Republic_of_Kabardino-Balkaria_Russia,RU-KB,2020.04.30,456
Saratov_oblast_Russia,RU-SAR,2020.04.30,438
Tumen_oblast_Russia,RU-TYU,2020.04.30,435
Smolensk_oblast_Russia,RU-SMO,2020.04.30,429
Lipetsk_oblast_Russia,RU-LIP,2020.04.30,415
Ulianovsk_oblast_Russia,RU-ULY,2020.04.30,406
Pensa_oblast_Russia,RU-PNZ,2020.04.30,404
Primorskiy_kray_Russia,RU-PRI,2020.04.30,403
Hanty-Mansiyskiy_AO_Russia,RU-KHM,2020.04.30,387
Altayskiy_kray_Russia,RU-ALT,2020.04.30,382
Samara_oblast_Russia,RU-SAM,2020.04.30,367
Astrahan_oblast_Russia,RU-AST,2020.04.30,365
Ivanovo_oblast_Russia,RU-IVA,2020.04.30,359
Kaliningrad_oblast_Russia,RU-KGD,2020.04.30,358
Belgorod_oblast_Russia,RU-BEL,2020.04.30,355
Republic_of_Karachaevo-Cherkessia_Russia,RU-KC,2020.04.30,352
Volgograd_oblast_Russia,RU-VGG,2020.04.30,344
Novgorod_oblast_Russia,RU-NGR,2020.04.30,279
Republic_of_Buriatia_Russia,RU-BU,2020.04.30,271
Kamchatskiy_kray_Russia,RU-KAM,2020.04.30,265
Republic_of_Hakassia_Russia,RU-KK,2020.04.30,232
Republic_of_Udmurtia_Russia,RU-UD,2020.04.30,228
Kostroma_oblast_Russia,RU-KOS,2020.04.30,211
Saha_republic_Russia,RU-SA,2020.04.30,207
Arkhangelsk_oblast_Russia,RU-ARK,2020.04.30,198
Republic_of_Kalmykia_Russia,RU-KL,2020.04.30,192
Vologda_oblast_Russia,RU-VLG,2020.04.30,173
Republic_of_Adygeia_Russia,RU-AD,2020.04.30,163
Pskov_oblast_Russia,RU-PSK,2020.04.30,149
Kemerovo_oblast_Russia,RU-KEM,2020.04.30,126
Jewish_Autonomous_oblast_Russia,RU-YEV,2020.04.30,124
Zabaykalskiy_kray_Russia,RU-ZAB,2020.04.30,114
Irkutsk_oblast_Russia,RU-IRK,2020.04.30,105
Magadan_oblast_Russia,RU-MAG,2020.04.30,101
Omsk_oblast_Russia,RU-OMS,2020.04.30,97
Republic_of_Crimea_Russia,UA-43,2020.04.30,89
Tomsk_oblast_Russia,RU-TOM,2020.04.30,89
Sevastopol_Russia,UA-40,2020.04.30,78
Republic_of_Karelia_Russia,RU-KR,2020.04.30,66
Amursk_oblast_Russia,RU-AMU,2020.04.30,56
Kurgan_oblast_Russia,RU-KGN,2020.04.30,40
Nenetskiy_autonomous_oblast_Russia,RU-NEN,2020.04.30,33
Republic_of_Tyva_Russia,RU-TY,2020.04.30,33
Altay_republic_Russia,RU-AL,2020.04.30,32
Sakhalin_oblast_Russia,RU-SAK,2020.04.30,23
Chukotskiy_autonomous_oblast_Russia,RU-CHU,2020.04.30,18
Moscow_Russia,RU-MOW,2020.04.29,50646
Moscow_oblast_Russia,RU-MOS,2020.04.29,10917
Saint_Petersburg_Russia,RU-SPE,2020.04.29,3726
Nizhegorodskaya_oblast_Russia,RU-NIZ,2020.04.29,1794
Republic_of_Dagestan_Russia,RU-DA,2020.04.29,1231
Murmansk_oblast_Russia,RU-MUR,2020.04.29,1126
Krasnodarskiy_kray_Russia,RU-KDA,2020.04.29,951
Tula_oblast_Russia,RU-TUL,2020.04.29,873
Rostov_oblast_Russia,RU-ROS,2020.04.29,864
Ryazan_oblast_Russia,RU-RYA,2020.04.29,840
Leningradskaya_oblast_Russia,RU-LEN,2020.04.29,834
Briansk_oblast_Russia,RU-BRY,2020.04.29,783
Kaluga_oblast_Russia,RU-KLU,2020.04.29,772
Republic_of_Tatarstan_Russia,RU-TA,2020.04.29,752
Republic_of_Bashkortostan_Russia,RU-BA,2020.04.29,691
Ingushetia_republic_Russia,RU-IN,2020.04.29,679
Republic_of_North_Osetia_-_Alania_Russia,RU-SE,2020.04.29,670
Republic_of_Mordovia_Russia,RU-MO,2020.04.29,659
Kursk_oblast_Russia,RU-KRS,2020.04.29,658
Vladimir_oblast_Russia,RU-VLA,2020.04.29,634
Sverdlov_oblast_Russia,RU-SVE,2020.04.29,629
Komi_republic_Russia,RU-KO,2020.04.29,611
Krasnoyarskiy_kray_Russia,RU-KYA,2020.04.29,609
Republic_of_Chuvashia_Russia,RU-CU,2020.04.29,539
Tambov_oblast_Russia,RU-TAM,2020.04.29,537
Republic_of_Mariy_El_Russia,RU-ME,2020.04.29,535
Stavropolskiy_kray_Russia,RU-STA,2020.04.29,519
Tver_oblast_Russia,RU-TVE,2020.04.29,518
Orel_oblast_Russia,RU-ORL,2020.04.29,498
Habarovskiy_kray_Russia,RU-KHA,2020.04.29,498
Orenburg_oblast_Russia,RU-ORE,2020.04.29,493
Yaroslavl_oblast_Russia,RU-YAR,2020.04.29,483
Perm_oblast_Russia,RU-PER,2020.04.29,481
Kirov_oblast_Russia,RU-KIR,2020.04.29,466
Chechen_republic_Russia,RU-CE,2020.04.29,465
Voronezh_oblast_Russia,RU-VOR,2020.04.29,459
Novosibirsk_oblast_Russia,RU-NVS,2020.04.29,436
Cheliabinsk_oblast_Russia,RU-CHE,2020.04.29,427
Tumen_oblast_Russia,RU-TYU,2020.04.29,420
Republic_of_Kabardino-Balkaria_Russia,RU-KB,2020.04.29,412
Yamalo-Nenetskiy_AO_Russia,RU-YAN,2020.04.29,409
Smolensk_oblast_Russia,RU-SMO,2020.04.29,403
Saratov_oblast_Russia,RU-SAR,2020.04.29,392
Lipetsk_oblast_Russia,RU-LIP,2020.04.29,384
Ulianovsk_oblast_Russia,RU-ULY,2020.04.29,379
Primorskiy_kray_Russia,RU-PRI,2020.04.29,367
Hanty-Mansiyskiy_AO_Russia,RU-KHM,2020.04.29,366
Pensa_oblast_Russia,RU-PNZ,2020.04.29,364
Astrahan_oblast_Russia,RU-AST,2020.04.29,350
Altayskiy_kray_Russia,RU-ALT,2020.04.29,348
Republic_of_Karachaevo-Cherkessia_Russia,RU-KC,2020.04.29,330
Belgorod_oblast_Russia,RU-BEL,2020.04.29,327
Ivanovo_oblast_Russia,RU-IVA,2020.04.29,327
Samara_oblast_Russia,RU-SAM,2020.04.29,327
Kaliningrad_oblast_Russia,RU-KGD,2020.04.29,326
Volgograd_oblast_Russia,RU-VGG,2020.04.29,313
Novgorod_oblast_Russia,RU-NGR,2020.04.29,266
Republic_of_Buriatia_Russia,RU-BU,2020.04.29,245
Kamchatskiy_kray_Russia,RU-KAM,2020.04.29,241
Republic_of_Hakassia_Russia,RU-KK,2020.04.29,228
Republic_of_Udmurtia_Russia,RU-UD,2020.04.29,217
Kostroma_oblast_Russia,RU-KOS,2020.04.29,193
Arkhangelsk_oblast_Russia,RU-ARK,2020.04.29,185
Republic_of_Kalmykia_Russia,RU-KL,2020.04.29,183
Saha_republic_Russia,RU-SA,2020.04.29,183
Vologda_oblast_Russia,RU-VLG,2020.04.29,166
Republic_of_Adygeia_Russia,RU-AD,2020.04.29,154
Pskov_oblast_Russia,RU-PSK,2020.04.29,142
Jewish_Autonomous_oblast_Russia,RU-YEV,2020.04.29,118
Kemerovo_oblast_Russia,RU-KEM,2020.04.29,114
Zabaykalskiy_kray_Russia,RU-ZAB,2020.04.29,109
Irkutsk_oblast_Russia,RU-IRK,2020.04.29,101
Magadan_oblast_Russia,RU-MAG,2020.04.29,99
Omsk_oblast_Russia,RU-OMS,2020.04.29,87
Tomsk_oblast_Russia,RU-TOM,2020.04.29,87
Republic_of_Crimea_Russia,UA-43,2020.04.29,79
Sevastopol_Russia,UA-40,2020.04.29,77
Republic_of_Karelia_Russia,RU-KR,2020.04.29,63
Amursk_oblast_Russia,RU-AMU,2020.04.29,46
Kurgan_oblast_Russia,RU-KGN,2020.04.29,39
Republic_of_Tyva_Russia,RU-TY,2020.04.29,31
Nenetskiy_autonomous_oblast_Russia,RU-NEN,2020.04.29,30
Altay_republic_Russia,RU-AL,2020.04.29,30
Sakhalin_oblast_Russia,RU-SAK,2020.04.29,22
Chukotskiy_autonomous_oblast_Russia,RU-CHU,2020.04.29,17
