Entity,Code,Year,"Smoking prevalence, total (ages 15+) (% of adults)"
Albania,ALB,2000,34.8
Albania,ALB,2005,32.7
Albania,ALB,2010,31.2
Albania,ALB,2011,30.7
Albania,ALB,2012,30.2
Albania,ALB,2013,29.8
Albania,ALB,2014,29.5
Albania,ALB,2015,29.1
Albania,ALB,2016,28.7
Algeria,DZA,2000,16.6
Algeria,DZA,2005,15.5
Algeria,DZA,2010,15.2
Algeria,DZA,2011,15.2
Algeria,DZA,2012,15.3
Algeria,DZA,2013,15.3
Algeria,DZA,2014,15.4
Algeria,DZA,2015,15.5
Algeria,DZA,2016,15.6
Andorra,AND,2000,37.4
Andorra,AND,2005,36
Andorra,AND,2010,34.8
Andorra,AND,2011,34.5
Andorra,AND,2012,34.2
Andorra,AND,2013,34.1
Andorra,AND,2014,33.9
Andorra,AND,2015,33.7
Andorra,AND,2016,33.5
Arab World,,2000,18.9974506886891
Arab World,,2005,19.3413760401429
Arab World,,2011,20.6535373968869
Arab World,,2012,20.8480399442786
Arab World,,2013,21.1090068001293
Arab World,,2014,21.4252479611989
Arab World,,2015,21.703189005622
Arab World,,2016,21.9545923228461
Argentina,ARG,2000,41.4
Argentina,ARG,2005,33.7
Argentina,ARG,2010,27.5
Argentina,ARG,2011,26.3
Argentina,ARG,2012,25.4
Argentina,ARG,2013,24.4
Argentina,ARG,2014,23.5
Argentina,ARG,2015,22.5
Argentina,ARG,2016,21.8
Armenia,ARM,2000,31.8
Armenia,ARM,2005,30.3
Armenia,ARM,2010,29.3
Armenia,ARM,2011,28.7
Armenia,ARM,2012,27.5
Armenia,ARM,2013,26.5
Armenia,ARM,2014,25.5
Armenia,ARM,2015,24.5
Armenia,ARM,2016,24.1
Australia,AUS,2000,24.5
Australia,AUS,2005,20.9
Australia,AUS,2010,17.8
Australia,AUS,2011,17.2
Australia,AUS,2012,16.7
Australia,AUS,2013,16.2
Australia,AUS,2014,15.7
Australia,AUS,2015,15.2
Australia,AUS,2016,14.7
Austria,AUT,2000,49.1
Austria,AUT,2005,41.9
Austria,AUT,2010,35.7
Austria,AUT,2011,34.6
Austria,AUT,2012,33.6
Austria,AUT,2013,32.4
Austria,AUT,2014,31.4
Austria,AUT,2015,30.6
Austria,AUT,2016,29.6
Azerbaijan,AZE,2000,26.7
Azerbaijan,AZE,2005,24.7
Azerbaijan,AZE,2010,22.9
Azerbaijan,AZE,2011,22.4
Azerbaijan,AZE,2012,22.2
Azerbaijan,AZE,2013,21.8
Azerbaijan,AZE,2014,21.5
Azerbaijan,AZE,2015,21.3
Azerbaijan,AZE,2016,20.8
Bahamas,BHS,2000,10.6
Bahamas,BHS,2005,10.7
Bahamas,BHS,2010,10.9
Bahamas,BHS,2011,11
Bahamas,BHS,2012,11.1
Bahamas,BHS,2013,11.2
Bahamas,BHS,2014,11.2
Bahamas,BHS,2015,11.4
Bahamas,BHS,2016,11.5
Bahrain,BHR,2000,22.4
Bahrain,BHR,2005,23.7
Bahrain,BHR,2010,25
Bahrain,BHR,2011,25.2
Bahrain,BHR,2012,25.4
Bahrain,BHR,2013,25.6
Bahrain,BHR,2014,25.8
Bahrain,BHR,2015,26
Bahrain,BHR,2016,26.4
Bangladesh,BGD,2000,31.4
Bangladesh,BGD,2005,28.2
Bangladesh,BGD,2010,25.3
Bangladesh,BGD,2011,24.8
Bangladesh,BGD,2012,24.4
Bangladesh,BGD,2013,24
Bangladesh,BGD,2014,23.5
Bangladesh,BGD,2015,23.2
Bangladesh,BGD,2016,23
Barbados,BRB,2000,8.3
Barbados,BRB,2005,8
Barbados,BRB,2010,7.9
Barbados,BRB,2011,7.9
Barbados,BRB,2012,7.9
Barbados,BRB,2013,7.9
Barbados,BRB,2014,7.8
Barbados,BRB,2015,7.8
Barbados,BRB,2016,7.8
Belarus,BLR,2000,36.7
Belarus,BLR,2005,33.1
Belarus,BLR,2010,29.9
Belarus,BLR,2011,29.4
Belarus,BLR,2012,28.8
Belarus,BLR,2013,28.2
Belarus,BLR,2014,27.7
Belarus,BLR,2015,27.2
Belarus,BLR,2016,26.7
Belgium,BEL,2000,37.4
Belgium,BEL,2005,34.1
Belgium,BEL,2010,31.1
Belgium,BEL,2011,30.6
Belgium,BEL,2012,30.1
Belgium,BEL,2013,29.6
Belgium,BEL,2014,29.1
Belgium,BEL,2015,28.6
Belgium,BEL,2016,28.2
Benin,BEN,2000,9.1
Benin,BEN,2005,8.1
Benin,BEN,2010,7.2
Benin,BEN,2011,7.1
Benin,BEN,2012,6.9
Benin,BEN,2013,6.8
Benin,BEN,2014,6.7
Benin,BEN,2015,6.5
Benin,BEN,2016,6.4
Bosnia and Herzegovina,BIH,2000,47.7
Bosnia and Herzegovina,BIH,2005,44.3
Bosnia and Herzegovina,BIH,2010,41.7
Bosnia and Herzegovina,BIH,2011,41.2
Bosnia and Herzegovina,BIH,2012,40.7
Bosnia and Herzegovina,BIH,2013,40.2
Bosnia and Herzegovina,BIH,2014,39.7
Bosnia and Herzegovina,BIH,2015,39.4
Bosnia and Herzegovina,BIH,2016,38.9
Botswana,BWA,2000,19.5
Botswana,BWA,2005,19.5
Botswana,BWA,2010,19.7
Botswana,BWA,2011,19.7
Botswana,BWA,2012,19.7
Botswana,BWA,2013,19.7
Botswana,BWA,2014,19.7
Botswana,BWA,2015,19.7
Botswana,BWA,2016,20
Brazil,BRA,2000,25.2
Brazil,BRA,2005,20.8
Brazil,BRA,2010,17.2
Brazil,BRA,2011,16.7
Brazil,BRA,2012,16
Brazil,BRA,2013,15.5
Brazil,BRA,2014,14.9
Brazil,BRA,2015,14.3
Brazil,BRA,2016,13.9
Brunei,BRN,2000,17
Brunei,BRN,2005,16.8
Brunei,BRN,2010,16.9
Brunei,BRN,2011,17
Brunei,BRN,2012,16.9
Brunei,BRN,2013,16.9
Brunei,BRN,2014,16.9
Brunei,BRN,2015,16.9
Brunei,BRN,2016,16.9
Bulgaria,BGR,2000,52
Bulgaria,BGR,2005,46.4
Bulgaria,BGR,2010,41.8
Bulgaria,BGR,2011,40.9
Bulgaria,BGR,2012,39.9
Bulgaria,BGR,2013,39.3
Bulgaria,BGR,2014,38.5
Bulgaria,BGR,2015,37.7
Bulgaria,BGR,2016,37
Burkina Faso,BFA,2000,17.2
Burkina Faso,BFA,2005,15
Burkina Faso,BFA,2010,13.6
Burkina Faso,BFA,2011,13.3
Burkina Faso,BFA,2012,13.2
Burkina Faso,BFA,2013,13
Burkina Faso,BFA,2014,12.8
Burkina Faso,BFA,2015,12.7
Burkina Faso,BFA,2016,12.5
Cambodia,KHM,2000,30.1
Cambodia,KHM,2005,25.1
Cambodia,KHM,2010,21
Cambodia,KHM,2011,20.3
Cambodia,KHM,2012,19.7
Cambodia,KHM,2013,18.9
Cambodia,KHM,2014,18.3
Cambodia,KHM,2015,17.7
Cambodia,KHM,2016,17.2
Canada,CAN,2000,28.2
Canada,CAN,2005,22.8
Canada,CAN,2010,18.4
Canada,CAN,2011,17.6
Canada,CAN,2012,16.9
Canada,CAN,2013,16.3
Canada,CAN,2014,15.6
Canada,CAN,2015,15
Canada,CAN,2016,14.3
Cape Verde,CPV,2000,13
Cape Verde,CPV,2005,11.4
Cape Verde,CPV,2010,10.2
Cape Verde,CPV,2011,10
Cape Verde,CPV,2012,9.8
Cape Verde,CPV,2013,9.6
Cape Verde,CPV,2014,9.5
Cape Verde,CPV,2015,9.3
Cape Verde,CPV,2016,9.1
Central Europe and the Baltics,,2000,39.5140030481113
Central Europe and the Baltics,,2005,36.1538844028692
Central Europe and the Baltics,,2010,33.2271435711747
Central Europe and the Baltics,,2011,32.7515619379105
Central Europe and the Baltics,,2012,32.2335587158992
Central Europe and the Baltics,,2013,31.7742698076323
Central Europe and the Baltics,,2014,31.2453383392854
Central Europe and the Baltics,,2015,30.8047327727808
Central Europe and the Baltics,,2016,30.3936704715374
Chile,CHL,2000,56.6
Chile,CHL,2005,49.6
Chile,CHL,2010,43.6
Chile,CHL,2011,42.6
Chile,CHL,2012,41.5
Chile,CHL,2013,40.6
Chile,CHL,2014,39.6
Chile,CHL,2015,38.7
Chile,CHL,2016,37.8
China,CHN,2000,30.1
China,CHN,2005,28.5
China,CHN,2010,27.1
China,CHN,2011,26.7
China,CHN,2012,26.7
China,CHN,2013,26.4
China,CHN,2014,26.1
China,CHN,2015,25.8
China,CHN,2016,25.6
Colombia,COL,2000,20.1
Colombia,COL,2005,15.4
Colombia,COL,2010,12
Colombia,COL,2011,11.5
Colombia,COL,2012,10.9
Colombia,COL,2013,10.4
Colombia,COL,2014,9.9
Colombia,COL,2015,9.5
Colombia,COL,2016,9
Comoros,COM,2000,21.1
Comoros,COM,2005,18.3
Comoros,COM,2010,16.1
Comoros,COM,2011,15.7
Comoros,COM,2012,15.3
Comoros,COM,2013,15
Comoros,COM,2014,14.7
Comoros,COM,2015,14.4
Comoros,COM,2016,14
Congo,COG,2000,5.7
Congo,COG,2005,9.1
Congo,COG,2010,14.7
Congo,COG,2011,16.1
Congo,COG,2012,17.9
Congo,COG,2013,19.8
Congo,COG,2014,22
Congo,COG,2015,24.2
Congo,COG,2016,26.9
Costa Rica,CRI,2000,18
Costa Rica,CRI,2005,15.7
Costa Rica,CRI,2010,13.7
Costa Rica,CRI,2011,13.4
Costa Rica,CRI,2012,13.1
Costa Rica,CRI,2013,12.7
Costa Rica,CRI,2014,12.4
Costa Rica,CRI,2015,12.1
Costa Rica,CRI,2016,11.9
Croatia,HRV,2000,33.1
Croatia,HRV,2005,34.3
Croatia,HRV,2010,35.3
Croatia,HRV,2011,35.6
Croatia,HRV,2012,35.7
Croatia,HRV,2013,36.1
Croatia,HRV,2014,36.4
Croatia,HRV,2015,36.7
Croatia,HRV,2016,37
Cuba,CUB,2000,45.7
Cuba,CUB,2005,41.6
Cuba,CUB,2010,38.4
Cuba,CUB,2011,37.7
Cuba,CUB,2012,37.2
Cuba,CUB,2013,36.5
Cuba,CUB,2014,36.1
Cuba,CUB,2015,35.9
Cuba,CUB,2016,35.2
Cyprus,CYP,2000,42.4
Cyprus,CYP,2005,40.3
Cyprus,CYP,2010,38.3
Cyprus,CYP,2011,38
Cyprus,CYP,2012,37.5
Cyprus,CYP,2013,37.3
Cyprus,CYP,2014,36.9
Cyprus,CYP,2015,36.7
Cyprus,CYP,2016,36.4
Czech Republic,CZE,2000,34.1
Czech Republic,CZE,2005,34.3
Czech Republic,CZE,2010,34.3
Czech Republic,CZE,2011,34.2
Czech Republic,CZE,2012,34.3
Czech Republic,CZE,2013,34.3
Czech Republic,CZE,2014,34.2
Czech Republic,CZE,2015,34.3
Czech Republic,CZE,2016,34.3
Denmark,DNK,2000,38.3
Denmark,DNK,2005,30.7
Denmark,DNK,2010,24.7
Denmark,DNK,2011,23.6
Denmark,DNK,2012,22.5
Denmark,DNK,2013,21.7
Denmark,DNK,2014,20.7
Denmark,DNK,2015,19.9
Denmark,DNK,2016,19.1
Djibouti,DJI,2000,17.6
Djibouti,DJI,2005,16
Djibouti,DJI,2010,14.5
Djibouti,DJI,2011,14.3
Djibouti,DJI,2012,14
Djibouti,DJI,2013,13.7
Djibouti,DJI,2014,13.6
Djibouti,DJI,2015,13.3
Djibouti,DJI,2016,13.1
Dominican Republic,DOM,2000,18.7
Dominican Republic,DOM,2005,16.8
Dominican Republic,DOM,2010,15.2
Dominican Republic,DOM,2011,14.9
Dominican Republic,DOM,2012,14.6
Dominican Republic,DOM,2013,14.4
Dominican Republic,DOM,2014,14.1
Dominican Republic,DOM,2015,13.9
Dominican Republic,DOM,2016,13.7
Early-demographic dividend,,2000,23.9122808376091
Early-demographic dividend,,2005,21.0447365921095
Early-demographic dividend,,2010,18.9371946668616
Early-demographic dividend,,2011,18.5187735040264
Early-demographic dividend,,2012,18.2092794574129
Early-demographic dividend,,2013,17.8710932989768
Early-demographic dividend,,2014,17.5538325216189
Early-demographic dividend,,2015,17.2857602471787
Early-demographic dividend,,2016,17.0267090107076
East Asia & Pacific,,2000,30.5290305212317
East Asia & Pacific,,2005,28.849655193693
East Asia & Pacific,,2010,27.5682519130104
East Asia & Pacific,,2011,27.200723690932
East Asia & Pacific,,2012,27.1419971369323
East Asia & Pacific,,2013,26.8782866050183
East Asia & Pacific,,2014,26.6425366467324
East Asia & Pacific,,2015,26.4030916319119
East Asia & Pacific,,2016,26.2282187742307
East Asia & Pacific (IDA & IBRD),,2000,30.3471793987695
East Asia & Pacific (IDA & IBRD),,2005,28.928970741311
East Asia & Pacific (IDA & IBRD),,2010,27.8550828774588
East Asia & Pacific (IDA & IBRD),,2011,27.5163513165422
East Asia & Pacific (IDA & IBRD),,2012,27.5020439194144
East Asia & Pacific (IDA & IBRD),,2013,27.2665680833262
East Asia & Pacific (IDA & IBRD),,2014,27.0590612231146
East Asia & Pacific (IDA & IBRD),,2015,26.8500094103695
East Asia & Pacific (IDA & IBRD),,2016,26.7061618321705
East Asia & Pacific (excluding high income),,2000,30.3471793987695
East Asia & Pacific (excluding high income),,2005,28.928970741311
East Asia & Pacific (excluding high income),,2010,27.8550828774588
East Asia & Pacific (excluding high income),,2011,27.5163513165422
East Asia & Pacific (excluding high income),,2012,27.5020439194144
East Asia & Pacific (excluding high income),,2013,27.2665680833262
East Asia & Pacific (excluding high income),,2014,27.0590612231146
East Asia & Pacific (excluding high income),,2015,26.8500094103695
East Asia & Pacific (excluding high income),,2016,26.7061618321705
Ecuador,ECU,2000,13.9
Ecuador,ECU,2005,11.2
Ecuador,ECU,2010,9
Ecuador,ECU,2011,8.7
Ecuador,ECU,2012,8.4
Ecuador,ECU,2013,8
Ecuador,ECU,2014,7.7
Ecuador,ECU,2015,7.4
Ecuador,ECU,2016,7.1
Egypt,EGY,2000,17.6
Egypt,EGY,2005,19.3
Egypt,EGY,2010,21.8
Egypt,EGY,2011,22.2
Egypt,EGY,2012,22.6
Egypt,EGY,2013,23.3
Egypt,EGY,2014,24
Egypt,EGY,2015,24.6
Egypt,EGY,2016,25.2
El Salvador,SLV,2000,16
El Salvador,SLV,2005,13.5
El Salvador,SLV,2010,11.6
El Salvador,SLV,2011,11.3
El Salvador,SLV,2012,11
El Salvador,SLV,2013,10.7
El Salvador,SLV,2014,10.3
El Salvador,SLV,2015,10.1
El Salvador,SLV,2016,9.9
Eritrea,ERI,2000,8.7
Eritrea,ERI,2005,7.6
Eritrea,ERI,2010,6.7
Eritrea,ERI,2011,6.5
Eritrea,ERI,2012,6.4
Eritrea,ERI,2013,6.3
Eritrea,ERI,2014,6.1
Eritrea,ERI,2015,5.9
Eritrea,ERI,2016,5.7
Estonia,EST,2000,39.6
Estonia,EST,2005,36.8
Estonia,EST,2010,34.2
Estonia,EST,2011,33.6
Estonia,EST,2012,33.2
Estonia,EST,2013,32.7
Estonia,EST,2014,32.3
Estonia,EST,2015,31.8
Estonia,EST,2016,31.3
Ethiopia,ETH,2000,4.8
Ethiopia,ETH,2005,4.6
Ethiopia,ETH,2010,4.5
Ethiopia,ETH,2011,4.4
Ethiopia,ETH,2012,4.5
Ethiopia,ETH,2013,4.4
Ethiopia,ETH,2014,4.4
Ethiopia,ETH,2015,4.4
Ethiopia,ETH,2016,4.4
Euro area,,2000,34.9525272049682
Euro area,,2005,32.9215529124243
Euro area,,2010,31.0833183555958
Euro area,,2011,30.7883650380183
Euro area,,2012,30.4061961195589
Euro area,,2013,30.0516807294753
Euro area,,2014,29.7571417899347
Euro area,,2015,29.4256245468818
Euro area,,2016,29.1487090213109
Europe & Central Asia,,2000,36.9843139436567
Europe & Central Asia,,2005,34.2747590371569
Europe & Central Asia,,2010,31.8356730462389
Europe & Central Asia,,2011,31.426029550405
Europe & Central Asia,,2012,30.9811722958428
Europe & Central Asia,,2013,30.5341659906426
Europe & Central Asia,,2014,30.1213238191762
Europe & Central Asia,,2015,29.7036861902187
Europe & Central Asia,,2016,29.2996228553489
Europe & Central Asia (IDA & IBRD),,2000,38.468401952841
Europe & Central Asia (IDA & IBRD),,2005,35.790403904067
Europe & Central Asia (IDA & IBRD),,2010,33.3380701055627
Europe & Central Asia (IDA & IBRD),,2011,32.9367445258233
Europe & Central Asia (IDA & IBRD),,2012,32.49971405673
Europe & Central Asia (IDA & IBRD),,2013,32.0558771229182
Europe & Central Asia (IDA & IBRD),,2014,31.647230164747
Europe & Central Asia (IDA & IBRD),,2015,31.2001544807004
Europe & Central Asia (IDA & IBRD),,2016,30.7776776973988
Europe & Central Asia (excluding high income),,2000,38.3001456901278
Europe & Central Asia (excluding high income),,2005,35.7858036253864
Europe & Central Asia (excluding high income),,2010,33.4629433372912
Europe & Central Asia (excluding high income),,2011,33.0740784229008
Europe & Central Asia (excluding high income),,2012,32.6569326617428
Europe & Central Asia (excluding high income),,2013,32.2185389253452
Europe & Central Asia (excluding high income),,2014,31.8398832983663
Europe & Central Asia (excluding high income),,2015,31.3985189499742
Europe & Central Asia (excluding high income),,2016,30.984793837164
European Union,,2000,36.3798209755952
European Union,,2005,33.4561652028715
European Union,,2010,30.8601866366962
European Union,,2011,30.4237312102946
European Union,,2012,29.9387829003973
European Union,,2013,29.4753590327686
European Union,,2014,29.0284500480097
European Union,,2015,28.6192358702455
European Union,,2016,28.2239590847204
Fiji,FJI,2000,35.1
Fiji,FJI,2005,30.6
Fiji,FJI,2010,26.7
Fiji,FJI,2011,25.8
Fiji,FJI,2012,25.2
Fiji,FJI,2013,24.4
Fiji,FJI,2014,23.8
Fiji,FJI,2015,23.2
Fiji,FJI,2016,22.6
Finland,FIN,2000,29.7
Finland,FIN,2005,26.3
Finland,FIN,2010,23.5
Finland,FIN,2011,22.9
Finland,FIN,2012,22.4
Finland,FIN,2013,21.9
Finland,FIN,2014,21.3
Finland,FIN,2015,20.9
Finland,FIN,2016,20.4
France,FRA,2000,34.9
France,FRA,2005,34.1
France,FRA,2010,33.4
France,FRA,2011,33.3
France,FRA,2012,33.1
France,FRA,2013,33
France,FRA,2014,32.9
France,FRA,2015,32.8
France,FRA,2016,32.7
Gambia,GMB,2000,19.9
Gambia,GMB,2005,18.2
Gambia,GMB,2010,16.9
Gambia,GMB,2011,16.6
Gambia,GMB,2012,16.4
Gambia,GMB,2013,16.1
Gambia,GMB,2014,16
Gambia,GMB,2015,15.8
Gambia,GMB,2016,15.5
Georgia,GEO,2000,32.2
Georgia,GEO,2005,30.8
Georgia,GEO,2010,29.8
Georgia,GEO,2011,29.5
Georgia,GEO,2012,29.4
Georgia,GEO,2013,29.2
Georgia,GEO,2014,28.9
Georgia,GEO,2015,28.8
Georgia,GEO,2016,28.8
Germany,DEU,2000,35.3
Germany,DEU,2005,33.7
Germany,DEU,2010,32.2
Germany,DEU,2011,32
Germany,DEU,2012,31.7
Germany,DEU,2013,31.4
Germany,DEU,2014,31.1
Germany,DEU,2015,30.9
Germany,DEU,2016,30.6
Ghana,GHA,2000,5.9
Ghana,GHA,2005,5
Ghana,GHA,2010,4.4
Ghana,GHA,2011,4.3
Ghana,GHA,2012,4.3
Ghana,GHA,2013,4.1
Ghana,GHA,2014,4.1
Ghana,GHA,2015,4
Ghana,GHA,2016,3.9
Greece,GRC,2000,53.5
Greece,GRC,2005,49.7
Greece,GRC,2010,46.6
Greece,GRC,2011,46.1
Greece,GRC,2012,45.3
Greece,GRC,2013,44.9
Greece,GRC,2014,44.4
Greece,GRC,2015,43.8
Greece,GRC,2016,43.4
Haiti,HTI,2000,12.1
Haiti,HTI,2005,12
Haiti,HTI,2010,12.3
Haiti,HTI,2011,12.3
Haiti,HTI,2012,12.4
Haiti,HTI,2013,12.5
Haiti,HTI,2014,12.6
Haiti,HTI,2015,12.7
Haiti,HTI,2016,12.7
High income,,2000,33.7208450714694
High income,,2005,30.1454709025203
High income,,2010,27.069982897277
High income,,2011,26.521720791213
High income,,2012,26.0236355707184
High income,,2013,25.479810386073
High income,,2014,24.9760898995421
High income,,2015,24.4885594082493
High income,,2016,24.02272293545
Honduras,HND,2000,3.9
Honduras,HND,2005,3.1
Honduras,HND,2010,2.5
Honduras,HND,2011,2.4
Honduras,HND,2012,2.4
Honduras,HND,2013,2.3
Honduras,HND,2014,2.2
Honduras,HND,2015,2.1
Honduras,HND,2016,2
Hungary,HUN,2000,41.1
Hungary,HUN,2005,37.3
Hungary,HUN,2010,34.1
Hungary,HUN,2011,33.4
Hungary,HUN,2012,32.9
Hungary,HUN,2013,32.3
Hungary,HUN,2014,31.7
Hungary,HUN,2015,31.1
Hungary,HUN,2016,30.6
IBRD only,,2000,27.6604505156537
IBRD only,,2005,25.0935199056909
IBRD only,,2010,23.0543646555339
IBRD only,,2011,22.6102300769064
IBRD only,,2012,22.3525939850157
IBRD only,,2013,21.9798666987197
IBRD only,,2014,21.6173923891976
IBRD only,,2015,21.2838937293107
IBRD only,,2016,20.9853320373044
IDA & IBRD total,,2000,26.542382115748
IDA & IBRD total,,2005,23.9886703756861
IDA & IBRD total,,2010,21.9179512052447
IDA & IBRD total,,2011,21.4800487910207
IDA & IBRD total,,2012,21.2033349855561
IDA & IBRD total,,2013,20.8306004761889
IDA & IBRD total,,2014,20.4651214734162
IDA & IBRD total,,2015,20.1283297919203
IDA & IBRD total,,2016,19.828623439158
IDA blend,,2000,17.6031859966712
IDA blend,,2005,16.2455937829709
IDA blend,,2010,15.0740655944055
IDA blend,,2011,14.8995651922902
IDA blend,,2012,14.7091173351597
IDA blend,,2013,14.5745460712101
IDA blend,,2014,14.367477940964
IDA blend,,2015,14.1822758707635
IDA blend,,2016,14.0381782045959
IDA only,,2000,22.6075329454777
IDA only,,2005,19.8260855484457
IDA only,,2010,17.4336950888467
IDA only,,2011,16.9988224132426
IDA only,,2012,16.6510709308486
IDA only,,2013,16.2623062882014
IDA only,,2014,15.915258835573
IDA only,,2015,15.6015170555701
IDA only,,2016,15.3365714401307
IDA total,,2000,20.612829899299
IDA total,,2005,18.3932127002937
IDA total,,2010,16.4858890879417
IDA total,,2011,16.1558973022983
IDA total,,2012,15.8717211502259
IDA total,,2013,15.5852164754687
IDA total,,2014,15.2946348195301
IDA total,,2015,15.0328687649516
IDA total,,2016,14.8169054717606
Iceland,ISL,2000,30.1
Iceland,ISL,2005,24
Iceland,ISL,2010,19.1
Iceland,ISL,2011,18.4
Iceland,ISL,2012,17.6
Iceland,ISL,2013,16.8
Iceland,ISL,2014,16.1
Iceland,ISL,2015,15.4
Iceland,ISL,2016,14.7
India,IND,2000,21.2
India,IND,2005,17.3
India,IND,2010,14.3
India,IND,2011,13.7
India,IND,2012,13.3
India,IND,2013,12.8
India,IND,2014,12.3
India,IND,2015,11.9
India,IND,2016,11.5
Indonesia,IDN,2000,32.9
Indonesia,IDN,2005,34.6
Indonesia,IDN,2010,37.1
Indonesia,IDN,2011,37.3
Indonesia,IDN,2012,37.6
Indonesia,IDN,2013,38
Indonesia,IDN,2014,38.5
Indonesia,IDN,2015,39
Indonesia,IDN,2016,39.4
Iran,IRN,2000,17.5
Iran,IRN,2005,14.9
Iran,IRN,2010,12.8
Iran,IRN,2011,12.5
Iran,IRN,2012,12.1
Iran,IRN,2013,11.8
Iran,IRN,2014,11.5
Iran,IRN,2015,11.3
Iran,IRN,2016,11
Ireland,IRL,2000,37.8
Ireland,IRL,2005,32.8
Ireland,IRL,2010,28.7
Ireland,IRL,2011,27.9
Ireland,IRL,2012,27.1
Ireland,IRL,2013,26.4
Ireland,IRL,2014,25.7
Ireland,IRL,2015,25
Ireland,IRL,2016,24.3
Israel,ISR,2000,31.9
Israel,ISR,2005,29.4
Israel,ISR,2010,27.4
Israel,ISR,2011,27
Israel,ISR,2012,26.6
Israel,ISR,2013,26.2
Israel,ISR,2014,25.9
Israel,ISR,2015,25.6
Israel,ISR,2016,25.2
Italy,ITA,2000,26.5
Italy,ITA,2005,25.6
Italy,ITA,2010,24.6
Italy,ITA,2011,24.6
Italy,ITA,2012,24.3
Italy,ITA,2013,24.1
Italy,ITA,2014,24.1
Italy,ITA,2015,23.8
Italy,ITA,2016,23.7
Jamaica,JAM,2000,18.4
Jamaica,JAM,2005,17.7
Jamaica,JAM,2010,17.1
Jamaica,JAM,2011,17.1
Jamaica,JAM,2012,17
Jamaica,JAM,2013,17
Jamaica,JAM,2014,16.9
Jamaica,JAM,2015,16.8
Jamaica,JAM,2016,16.8
Japan,JPN,2000,33
Japan,JPN,2005,29
Japan,JPN,2010,25.6
Japan,JPN,2011,24.9
Japan,JPN,2012,24.4
Japan,JPN,2013,23.8
Japan,JPN,2014,23.2
Japan,JPN,2015,22.6
Japan,JPN,2016,22.1
Kazakhstan,KAZ,2000,31.9
Kazakhstan,KAZ,2005,29.3
Kazakhstan,KAZ,2010,26.8
Kazakhstan,KAZ,2011,26.4
Kazakhstan,KAZ,2012,25.8
Kazakhstan,KAZ,2013,25.4
Kazakhstan,KAZ,2014,25
Kazakhstan,KAZ,2015,24.5
Kazakhstan,KAZ,2016,24
Kenya,KEN,2000,16.6
Kenya,KEN,2005,14.4
Kenya,KEN,2010,12.5
Kenya,KEN,2011,12.3
Kenya,KEN,2012,11.9
Kenya,KEN,2013,11.6
Kenya,KEN,2014,11.3
Kenya,KEN,2015,11
Kenya,KEN,2016,10.7
Kiribati,KIR,2000,73.4
Kiribati,KIR,2005,64.7
Kiribati,KIR,2010,55.7
Kiribati,KIR,2011,54.5
Kiribati,KIR,2012,52.7
Kiribati,KIR,2013,51.2
Kiribati,KIR,2014,49.8
Kiribati,KIR,2015,48.3
Kiribati,KIR,2016,47
Kuwait,KWT,2000,24.8
Kuwait,KWT,2005,24.4
Kuwait,KWT,2010,22.8
Kuwait,KWT,2011,22.6
Kuwait,KWT,2012,22.5
Kuwait,KWT,2013,22.5
Kuwait,KWT,2014,22.5
Kuwait,KWT,2015,22.5
Kuwait,KWT,2016,22.5
Kyrgyzstan,KGZ,2000,27.3
Kyrgyzstan,KGZ,2005,27.2
Kyrgyzstan,KGZ,2010,26.6
Kyrgyzstan,KGZ,2011,26.6
Kyrgyzstan,KGZ,2012,26.7
Kyrgyzstan,KGZ,2013,26.5
Kyrgyzstan,KGZ,2014,26.6
Kyrgyzstan,KGZ,2015,26.5
Kyrgyzstan,KGZ,2016,26.5
Laos,LAO,2000,42.7
Laos,LAO,2005,37.3
Laos,LAO,2010,33.1
Laos,LAO,2011,32.3
Laos,LAO,2012,31.5
Laos,LAO,2013,31.1
Laos,LAO,2014,30.2
Laos,LAO,2015,29.5
Laos,LAO,2016,28.9
Late-demographic dividend,,2000,30.3968554464923
Late-demographic dividend,,2005,28.3109783706395
Late-demographic dividend,,2010,26.5514946039206
Late-demographic dividend,,2011,26.1522029800407
Late-demographic dividend,,2012,26.0019955154767
Late-demographic dividend,,2013,25.6595756977229
Late-demographic dividend,,2014,25.3243392688801
Late-demographic dividend,,2015,24.9916714163938
Late-demographic dividend,,2016,24.730691663588
Latin America & Caribbean,,2000,25.7804589543478
Latin America & Caribbean,,2005,21.2871208830411
Latin America & Caribbean,,2010,17.6544228824011
Latin America & Caribbean,,2011,17.0844579897296
Latin America & Caribbean,,2012,16.4436983141238
Latin America & Caribbean,,2013,15.9037587493766
Latin America & Caribbean,,2014,15.339800499139
Latin America & Caribbean,,2015,14.7852816701307
Latin America & Caribbean,,2016,14.3203794004239
Latin America & Caribbean (IDA & IBRD),,2000,25.270214714348
Latin America & Caribbean (IDA & IBRD),,2005,20.7928334004933
Latin America & Caribbean (IDA & IBRD),,2010,17.1822652978983
Latin America & Caribbean (IDA & IBRD),,2011,16.6210598043847
Latin America & Caribbean (IDA & IBRD),,2012,15.9823282806078
Latin America & Caribbean (IDA & IBRD),,2013,15.4511412764241
Latin America & Caribbean (IDA & IBRD),,2014,14.888878625569
Latin America & Caribbean (IDA & IBRD),,2015,14.3320764430204
Latin America & Caribbean (IDA & IBRD),,2016,13.8782390555282
Latin America & Caribbean (excluding high income),,2000,23.063282173674
Latin America & Caribbean (excluding high income),,2005,19.0857872090049
Latin America & Caribbean (excluding high income),,2010,15.8577821772906
Latin America & Caribbean (excluding high income),,2011,15.3734366430641
Latin America & Caribbean (excluding high income),,2012,14.7850155824583
Latin America & Caribbean (excluding high income),,2013,14.3099796071575
Latin America & Caribbean (excluding high income),,2014,13.8021655638203
Latin America & Caribbean (excluding high income),,2015,13.3059559068029
Latin America & Caribbean (excluding high income),,2016,12.8867203289317
Latvia,LVA,2000,38.8
Latvia,LVA,2005,38.2
Latvia,LVA,2010,37.5
Latvia,LVA,2011,37.5
Latvia,LVA,2012,37.3
Latvia,LVA,2013,37.3
Latvia,LVA,2014,37.3
Latvia,LVA,2015,37
Latvia,LVA,2016,37
Least developed countries: UN classification,,2000,23.481570865478
Least developed countries: UN classification,,2005,20.5908364783247
Least developed countries: UN classification,,2010,18.106955513368
Least developed countries: UN classification,,2011,17.6516142943329
Least developed countries: UN classification,,2012,17.2820158023144
Least developed countries: UN classification,,2013,16.8812230074905
Least developed countries: UN classification,,2014,16.5136345364128
Least developed countries: UN classification,,2015,16.1864915096696
Least developed countries: UN classification,,2016,15.9104457086565
Lebanon,LBN,2000,37.5
Lebanon,LBN,2005,36.1
Lebanon,LBN,2010,35.1
Lebanon,LBN,2011,34.7
Lebanon,LBN,2012,34.8
Lebanon,LBN,2013,34.2
Lebanon,LBN,2014,34.2
Lebanon,LBN,2015,33.9
Lebanon,LBN,2016,33.8
Lesotho,LSO,2000,17.6
Lesotho,LSO,2005,20
Lesotho,LSO,2010,22.7
Lesotho,LSO,2011,23.3
Lesotho,LSO,2012,24
Lesotho,LSO,2013,24.4
Lesotho,LSO,2014,25.3
Lesotho,LSO,2015,26
Lesotho,LSO,2016,26.7
Liberia,LBR,2000,13.8
Liberia,LBR,2005,12.1
Liberia,LBR,2010,10.8
Liberia,LBR,2011,10.7
Liberia,LBR,2012,10.5
Liberia,LBR,2013,10.3
Liberia,LBR,2014,10.1
Liberia,LBR,2015,9.9
Liberia,LBR,2016,9.8
Lithuania,LTU,2000,35.9
Lithuania,LTU,2005,33.4
Lithuania,LTU,2010,31.1
Lithuania,LTU,2011,30.7
Lithuania,LTU,2012,30.3
Lithuania,LTU,2013,29.9
Lithuania,LTU,2014,29.6
Lithuania,LTU,2015,29.2
Lithuania,LTU,2016,28.8
Low & middle income,,2000,26.2279057236849
Low & middle income,,2005,23.7615786345345
Low & middle income,,2010,21.7589592510074
Low & middle income,,2011,21.3312337568336
Low & middle income,,2012,21.0666585301347
Low & middle income,,2013,20.7027862279111
Low & middle income,,2014,20.3480542882993
Low & middle income,,2015,20.0216318743474
Low & middle income,,2016,19.7295207726314
Lower middle income,,2000,23.5474265257672
Lower middle income,,2005,20.9830757011656
Lower middle income,,2010,19.1254538860789
Lower middle income,,2011,18.7344306223907
Lower middle income,,2012,18.476216553567
Lower middle income,,2013,18.1731771222959
Lower middle income,,2014,17.8753596151177
Lower middle income,,2015,17.6463223410499
Lower middle income,,2016,17.4109186946201
Luxembourg,LUX,2000,34.7
Luxembourg,LUX,2005,30.7
Luxembourg,LUX,2010,27
Luxembourg,LUX,2011,26.4
Luxembourg,LUX,2012,25.8
Luxembourg,LUX,2013,25.2
Luxembourg,LUX,2014,24.6
Luxembourg,LUX,2015,24.1
Luxembourg,LUX,2016,23.5
Malawi,MWI,2000,21
Malawi,MWI,2005,18.6
Malawi,MWI,2010,16.5
Malawi,MWI,2011,16.1
Malawi,MWI,2012,15.7
Malawi,MWI,2013,15.3
Malawi,MWI,2014,15.2
Malawi,MWI,2015,14.7
Malawi,MWI,2016,14.5
Malaysia,MYS,2000,28.2
Malaysia,MYS,2005,25.8
Malaysia,MYS,2010,23.7
Malaysia,MYS,2011,23.3
Malaysia,MYS,2012,22.9
Malaysia,MYS,2013,22.5
Malaysia,MYS,2014,22
Malaysia,MYS,2015,21.8
Malaysia,MYS,2016,21.5
Maldives,MDV,2000,37.1
Maldives,MDV,2005,33.4
Maldives,MDV,2010,30.8
Maldives,MDV,2011,30.2
Maldives,MDV,2012,29.9
Maldives,MDV,2013,29.5
Maldives,MDV,2014,29.1
Maldives,MDV,2015,28.7
Maldives,MDV,2016,28.3
Mali,MLI,2000,13
Mali,MLI,2005,12.6
Mali,MLI,2010,12.5
Mali,MLI,2011,12.4
Mali,MLI,2012,12.3
Mali,MLI,2013,12.3
Mali,MLI,2014,12.4
Mali,MLI,2015,12.3
Mali,MLI,2016,12.3
Malta,MLT,2000,35.3
Malta,MLT,2005,31.7
Malta,MLT,2010,28.7
Malta,MLT,2011,28.1
Malta,MLT,2012,27.7
Malta,MLT,2013,27
Malta,MLT,2014,26.5
Malta,MLT,2015,26
Malta,MLT,2016,25.5
Mauritius,MUS,2000,25
Mauritius,MUS,2005,23.8
Mauritius,MUS,2010,22.6
Mauritius,MUS,2011,22.6
Mauritius,MUS,2012,22.4
Mauritius,MUS,2013,22.2
Mauritius,MUS,2014,22
Mauritius,MUS,2015,21.8
Mauritius,MUS,2016,21.6
Mexico,MEX,2000,24
Mexico,MEX,2005,20.3
Mexico,MEX,2010,17.1
Mexico,MEX,2011,16.6
Mexico,MEX,2012,16
Mexico,MEX,2013,15.5
Mexico,MEX,2014,15
Mexico,MEX,2015,14.5
Mexico,MEX,2016,14
Middle East & North Africa,,2000,18.9573345011667
Middle East & North Africa,,2005,18.4326917195029
Middle East & North Africa,,2010,18.7208897021599
Middle East & North Africa,,2011,18.7907024462245
Middle East & North Africa,,2012,18.8428797383077
Middle East & North Africa,,2013,18.9691854337668
Middle East & North Africa,,2014,19.141255578463
Middle East & North Africa,,2015,19.312383092607
Middle East & North Africa,,2016,19.4363394287643
Middle East & North Africa (IDA & IBRD),,2000,18.8924861647413
Middle East & North Africa (IDA & IBRD),,2005,18.3165913713306
Middle East & North Africa (IDA & IBRD),,2010,18.4840609335196
Middle East & North Africa (IDA & IBRD),,2011,18.5579127988008
Middle East & North Africa (IDA & IBRD),,2012,18.6392733737393
Middle East & North Africa (IDA & IBRD),,2013,18.7999796626672
Middle East & North Africa (IDA & IBRD),,2014,19.0099414415576
Middle East & North Africa (IDA & IBRD),,2015,19.2267013988706
Middle East & North Africa (IDA & IBRD),,2016,19.3854164591356
Middle East & North Africa (excluding high income),,2000,18.8924861647413
Middle East & North Africa (excluding high income),,2005,18.3165913713306
Middle East & North Africa (excluding high income),,2010,18.4840609335196
Middle East & North Africa (excluding high income),,2011,18.5579127988008
Middle East & North Africa (excluding high income),,2012,18.6392733737393
Middle East & North Africa (excluding high income),,2013,18.7999796626672
Middle East & North Africa (excluding high income),,2014,19.0099414415576
Middle East & North Africa (excluding high income),,2015,19.2267013988706
Middle East & North Africa (excluding high income),,2016,19.3854164591356
Middle income,,2000,26.734428428905
Middle income,,2005,24.2693011851656
Middle income,,2010,22.2816761685095
Middle income,,2011,21.8561527825032
Middle income,,2012,21.6004072390693
Middle income,,2013,21.2413639193074
Middle income,,2014,20.888579230937
Middle income,,2015,20.566473256033
Middle income,,2016,20.2802952072757
Moldova,MDA,2000,23.3
Moldova,MDA,2005,23.5
Moldova,MDA,2010,23.9
Moldova,MDA,2011,24
Moldova,MDA,2012,24
Moldova,MDA,2013,24.2
Moldova,MDA,2014,24.2
Moldova,MDA,2015,24.2
Moldova,MDA,2016,24.2
Mongolia,MNG,2000,32.2
Mongolia,MNG,2005,29.8
Mongolia,MNG,2010,27.8
Mongolia,MNG,2011,27.4
Mongolia,MNG,2012,27
Mongolia,MNG,2013,26.6
Mongolia,MNG,2014,26.3
Mongolia,MNG,2015,26.2
Mongolia,MNG,2016,25.6
Montenegro,MNE,2000,52.7
Montenegro,MNE,2005,50.2
Montenegro,MNE,2010,48.3
Montenegro,MNE,2011,47.8
Montenegro,MNE,2012,47.4
Montenegro,MNE,2013,47
Montenegro,MNE,2014,46.7
Montenegro,MNE,2015,46.1
Montenegro,MNE,2016,45.9
Morocco,MAR,2000,18.7
Morocco,MAR,2005,19.2
Morocco,MAR,2010,20.6
Morocco,MAR,2011,21
Morocco,MAR,2012,21.4
Morocco,MAR,2013,21.9
Morocco,MAR,2014,22.3
Morocco,MAR,2015,22.9
Morocco,MAR,2016,23.4
Mozambique,MOZ,2000,23.4
Mozambique,MOZ,2005,20.9
Mozambique,MOZ,2010,18.7
Mozambique,MOZ,2011,18.3
Mozambique,MOZ,2012,17.9
Mozambique,MOZ,2013,17.5
Mozambique,MOZ,2014,17.1
Mozambique,MOZ,2015,16.9
Mozambique,MOZ,2016,16.6
Myanmar,MMR,2000,32.5
Myanmar,MMR,2005,27.7
Myanmar,MMR,2010,23.9
Myanmar,MMR,2011,23.2
Myanmar,MMR,2012,22.6
Myanmar,MMR,2013,21.9
Myanmar,MMR,2014,21.4
Myanmar,MMR,2015,20.8
Myanmar,MMR,2016,20.3
Namibia,NAM,2000,22.3
Namibia,NAM,2005,21.8
Namibia,NAM,2010,21.5
Namibia,NAM,2011,21.5
Namibia,NAM,2012,21.4
Namibia,NAM,2013,21.4
Namibia,NAM,2014,21.4
Namibia,NAM,2015,21.5
Namibia,NAM,2016,21.4
Nauru,NRU,2000,63.8
Nauru,NRU,2005,54.7
Nauru,NRU,2010,47.2
Nauru,NRU,2011,45.9
Nauru,NRU,2012,44.6
Nauru,NRU,2013,43.3
Nauru,NRU,2014,42.2
Nauru,NRU,2015,41
Nauru,NRU,2016,40
Nepal,NPL,2000,38.9
Nepal,NPL,2005,32.2
Nepal,NPL,2010,27.1
Nepal,NPL,2011,26.2
Nepal,NPL,2012,25.3
Nepal,NPL,2013,24.6
Nepal,NPL,2014,24
Nepal,NPL,2015,23.3
Nepal,NPL,2016,22.8
Netherlands,NLD,2000,37.7
Netherlands,NLD,2005,33.2
Netherlands,NLD,2010,29.7
Netherlands,NLD,2011,28.9
Netherlands,NLD,2012,28.4
Netherlands,NLD,2013,27.7
Netherlands,NLD,2014,27
Netherlands,NLD,2015,26.4
Netherlands,NLD,2016,25.8
New Zealand,NZL,2000,29.4
New Zealand,NZL,2005,24.2
New Zealand,NZL,2010,20
New Zealand,NZL,2011,19.2
New Zealand,NZL,2012,18.5
New Zealand,NZL,2013,17.8
New Zealand,NZL,2014,17.2
New Zealand,NZL,2015,16.5
New Zealand,NZL,2016,16
Niger,NER,2000,6.4
Niger,NER,2005,6.7
Niger,NER,2010,7.1
Niger,NER,2011,7.2
Niger,NER,2012,7.3
Niger,NER,2013,7.4
Niger,NER,2014,7.5
Niger,NER,2015,7.6
Niger,NER,2016,7.7
Nigeria,NGA,2000,7.7
Nigeria,NGA,2005,7
Nigeria,NGA,2010,6.3
Nigeria,NGA,2011,6.2
Nigeria,NGA,2012,6.1
Nigeria,NGA,2013,6.1
Nigeria,NGA,2014,5.9
Nigeria,NGA,2015,5.8
Nigeria,NGA,2016,5.8
North America,,2000,31.0755476498748
North America,,2005,27.3812098778026
North America,,2010,24.1449063533229
North America,,2011,23.6139613054116
North America,,2012,23.1817710025051
North America,,2013,22.5802993668578
North America,,2014,22.0590542285444
North America,,2015,21.5498521636902
North America,,2016,21.0281978815116
Norway,NOR,2000,43.1
Norway,NOR,2005,34.1
Norway,NOR,2010,26.9
Norway,NOR,2011,25.5
Norway,NOR,2012,24.4
Norway,NOR,2013,23.3
Norway,NOR,2014,22.2
Norway,NOR,2015,21.2
Norway,NOR,2016,20.2
OECD members,,2000,33.4353198000626
OECD members,,2005,29.897660801304
OECD members,,2010,26.769707042411
OECD members,,2011,26.2176192398489
OECD members,,2012,25.6922013007166
OECD members,,2013,25.1396673475938
OECD members,,2014,24.6139765386156
OECD members,,2015,24.0992881647393
OECD members,,2016,23.6066096847681
Oman,OMN,2000,8.2
Oman,OMN,2005,8.5
Oman,OMN,2010,9.4
Oman,OMN,2011,9.8
Oman,OMN,2012,10.2
Oman,OMN,2013,10.6
Oman,OMN,2014,10.8
Oman,OMN,2015,11.1
Oman,OMN,2016,11.1
Other small states,,2000,26.1029386531073
Other small states,,2005,24.8732598794774
Other small states,,2010,23.8843850281646
Other small states,,2011,23.7103154721624
Other small states,,2012,23.5113271374062
Other small states,,2013,23.3404570014286
Other small states,,2014,23.2500815944413
Other small states,,2015,23.1100340379164
Other small states,,2016,23.044245140381
Pacific island small states,,2000,38.2629954068611
Pacific island small states,,2005,33.3170741037326
Pacific island small states,,2010,28.9390508428039
Pacific island small states,,2011,28.0723850901327
Pacific island small states,,2012,27.3634515611388
Pacific island small states,,2013,26.5764045726235
Pacific island small states,,2014,25.9155156950673
Pakistan,PAK,2000,24.5
Pakistan,PAK,2005,22.7
Pakistan,PAK,2010,21.3
Pakistan,PAK,2011,21.1
Pakistan,PAK,2012,20.9
Pakistan,PAK,2013,20.7
Pakistan,PAK,2014,20.5
Pakistan,PAK,2015,20.3
Pakistan,PAK,2016,20.1
Palau,PLW,2000,29.6
Palau,PLW,2005,24
Palau,PLW,2010,19.7
Palau,PLW,2011,19
Palau,PLW,2012,18.2
Palau,PLW,2013,17.5
Palau,PLW,2014,16.8
Palau,PLW,2015,16.1
Palau,PLW,2016,15.6
Panama,PAN,2000,15
Panama,PAN,2005,11.2
Panama,PAN,2010,8.5
Panama,PAN,2011,8.1
Panama,PAN,2012,7.6
Panama,PAN,2013,7.2
Panama,PAN,2014,6.8
Panama,PAN,2015,6.5
Panama,PAN,2016,6.1
Papua New Guinea,PNG,2000,60.9
Papua New Guinea,PNG,2005,52.1
Papua New Guinea,PNG,2010,44.2
Papua New Guinea,PNG,2011,42.6
Papua New Guinea,PNG,2012,41.2
Papua New Guinea,PNG,2013,39.8
Papua New Guinea,PNG,2014,38.8
Papua New Guinea,PNG,2015,37.4
Papua New Guinea,PNG,2016,36.3
Paraguay,PRY,2000,30.8
Paraguay,PRY,2005,23.6
Paraguay,PRY,2010,18.3
Paraguay,PRY,2011,17.3
Paraguay,PRY,2012,16.5
Paraguay,PRY,2013,15.6
Paraguay,PRY,2014,14.9
Paraguay,PRY,2015,14.1
Paraguay,PRY,2016,13.4
Peru,PER,2000,12.1
Peru,PER,2005,9
Peru,PER,2010,6.7
Peru,PER,2011,6.3
Peru,PER,2012,6
Peru,PER,2013,5.7
Peru,PER,2014,5.4
Peru,PER,2015,5
Peru,PER,2016,4.8
Philippines,PHL,2000,34.4
Philippines,PHL,2005,30.6
Philippines,PHL,2010,27.6
Philippines,PHL,2011,27
Philippines,PHL,2012,26.5
Philippines,PHL,2013,25.9
Philippines,PHL,2014,25.3
Philippines,PHL,2015,24.7
Philippines,PHL,2016,24.3
Poland,POL,2000,40.7
Poland,POL,2005,36
Poland,POL,2010,31.9
Poland,POL,2011,31.3
Poland,POL,2012,30.6
Poland,POL,2013,30
Poland,POL,2014,29.2
Poland,POL,2015,28.6
Poland,POL,2016,28
Portugal,PRT,2000,25.9
Portugal,PRT,2005,24.8
Portugal,PRT,2010,23.7
Portugal,PRT,2011,23.5
Portugal,PRT,2012,23.3
Portugal,PRT,2013,23.1
Portugal,PRT,2014,23
Portugal,PRT,2015,22.9
Portugal,PRT,2016,22.7
Post-demographic dividend,,2000,33.782096211303
Post-demographic dividend,,2005,30.4280581119582
Post-demographic dividend,,2010,27.4985993553514
Post-demographic dividend,,2011,26.9693486097302
Post-demographic dividend,,2012,26.4944707796233
Post-demographic dividend,,2013,25.9597855741405
Post-demographic dividend,,2014,25.4713863981379
Post-demographic dividend,,2015,24.9977251708504
Post-demographic dividend,,2016,24.523833061823
Qatar,QAT,2000,16.5
Qatar,QAT,2005,17.4
Qatar,QAT,2010,20.1
Qatar,QAT,2011,20.3
Qatar,QAT,2012,20.2
Qatar,QAT,2013,20.3
Qatar,QAT,2014,20.4
Qatar,QAT,2015,20.4
Qatar,QAT,2016,20.6
Romania,ROU,2000,39.6
Romania,ROU,2005,36
Romania,ROU,2010,32.8
Romania,ROU,2011,32.3
Romania,ROU,2012,31.7
Romania,ROU,2013,31.1
Romania,ROU,2014,30.6
Romania,ROU,2015,30.1
Romania,ROU,2016,29.7
Russia,RUS,2000,42.8
Russia,RUS,2005,41.5
Russia,RUS,2010,40.3
Russia,RUS,2011,40.2
Russia,RUS,2012,40.1
Russia,RUS,2013,39.8
Russia,RUS,2014,39.7
Russia,RUS,2015,39.5
Russia,RUS,2016,39.3
Rwanda,RWA,2000,17.8
Rwanda,RWA,2005,15.7
Rwanda,RWA,2010,13.9
Rwanda,RWA,2011,13.7
Rwanda,RWA,2012,13.3
Rwanda,RWA,2013,13.1
Rwanda,RWA,2014,12.8
Rwanda,RWA,2015,12.5
Rwanda,RWA,2016,12.3
Samoa,WSM,2000,45.1
Samoa,WSM,2005,38.5
Samoa,WSM,2010,33
Samoa,WSM,2011,32
Samoa,WSM,2012,31
Samoa,WSM,2013,30.2
Samoa,WSM,2014,29.4
Samoa,WSM,2015,28.5
Samoa,WSM,2016,27.7
Saudi Arabia,SAU,2000,14.5
Saudi Arabia,SAU,2005,14.6
Saudi Arabia,SAU,2010,15.1
Saudi Arabia,SAU,2011,15.3
Saudi Arabia,SAU,2012,15.2
Saudi Arabia,SAU,2013,15.3
Saudi Arabia,SAU,2014,15.5
Saudi Arabia,SAU,2015,15.6
Saudi Arabia,SAU,2016,15.6
Senegal,SEN,2000,10.9
Senegal,SEN,2005,9.9
Senegal,SEN,2010,9
Senegal,SEN,2011,8.8
Senegal,SEN,2012,8.7
Senegal,SEN,2013,8.5
Senegal,SEN,2014,8.4
Senegal,SEN,2015,8.3
Senegal,SEN,2016,8.2
Serbia,SRB,2000,48.7
Serbia,SRB,2005,45.3
Serbia,SRB,2010,42.1
Serbia,SRB,2011,41.7
Serbia,SRB,2012,40.9
Serbia,SRB,2013,40.4
Serbia,SRB,2014,40
Serbia,SRB,2015,39.4
Serbia,SRB,2016,38.9
Seychelles,SYC,2000,25.1
Seychelles,SYC,2005,23.9
Seychelles,SYC,2010,22.9
Seychelles,SYC,2011,22.7
Seychelles,SYC,2012,22.5
Seychelles,SYC,2013,22.3
Seychelles,SYC,2014,21.9
Seychelles,SYC,2015,21.7
Seychelles,SYC,2016,21.5
Sierra Leone,SLE,2000,42.2
Sierra Leone,SLE,2005,34.9
Sierra Leone,SLE,2010,29.4
Sierra Leone,SLE,2011,28.6
Sierra Leone,SLE,2012,27.6
Sierra Leone,SLE,2013,26.9
Sierra Leone,SLE,2014,26.3
Sierra Leone,SLE,2015,25.4
Sierra Leone,SLE,2016,24.8
Singapore,SGP,2000,16.3
Singapore,SGP,2005,16.3
Singapore,SGP,2010,16.4
Singapore,SGP,2011,16.4
Singapore,SGP,2012,16.3
Singapore,SGP,2013,16.5
Singapore,SGP,2014,16.5
Singapore,SGP,2015,16.5
Singapore,SGP,2016,16.5
Slovakia,SVK,2000,32.1
Slovakia,SVK,2005,31.2
Slovakia,SVK,2010,30.4
Slovakia,SVK,2011,30.4
Slovakia,SVK,2012,30.3
Slovakia,SVK,2013,30.1
Slovakia,SVK,2014,30.1
Slovakia,SVK,2015,30.1
Slovakia,SVK,2016,30.1
Slovenia,SVN,2000,26.8
Slovenia,SVN,2005,25.3
Slovenia,SVN,2010,24
Slovenia,SVN,2011,23.9
Slovenia,SVN,2012,23.5
Slovenia,SVN,2013,23.3
Slovenia,SVN,2014,23
Slovenia,SVN,2015,22.8
Slovenia,SVN,2016,22.5
Small states,,2000,25.9706545678256
Small states,,2005,24.4689971284929
Small states,,2010,23.255665384497
Small states,,2011,23.0477622119166
Small states,,2012,22.8219014971815
Small states,,2013,22.6248292383013
Small states,,2014,22.4910752607813
Small states,,2015,22.3208437045982
Small states,,2016,22.2227697713479
South Africa,ZAF,2000,22.7
South Africa,ZAF,2005,21.8
South Africa,ZAF,2010,21
South Africa,ZAF,2011,20.9
South Africa,ZAF,2012,20.8
South Africa,ZAF,2013,20.6
South Africa,ZAF,2014,20.5
South Africa,ZAF,2015,20.5
South Africa,ZAF,2016,20.3
South Asia,,2000,22.6860480700008
South Asia,,2005,19.0705037219875
South Asia,,2010,16.2392666387593
South Asia,,2011,15.6950095460076
South Asia,,2012,15.3161797933389
South Asia,,2013,14.8647468182923
South Asia,,2014,14.4034979214858
South Asia,,2015,14.0413674096523
South Asia,,2016,13.6889433345286
South Asia (IDA & IBRD),,2000,22.6860480700008
South Asia (IDA & IBRD),,2005,19.0705037219875
South Asia (IDA & IBRD),,2010,16.2392666387593
South Asia (IDA & IBRD),,2011,15.6950095460076
South Asia (IDA & IBRD),,2012,15.3161797933389
South Asia (IDA & IBRD),,2013,14.8647468182923
South Asia (IDA & IBRD),,2014,14.4034979214858
South Asia (IDA & IBRD),,2015,14.0413674096523
South Asia (IDA & IBRD),,2016,13.6889433345286
South Korea,KOR,2000,34.3
South Korea,KOR,2005,30.2
South Korea,KOR,2010,26.9
South Korea,KOR,2011,26.2
South Korea,KOR,2012,25.6
South Korea,KOR,2013,25
South Korea,KOR,2014,24.5
South Korea,KOR,2015,23.9
South Korea,KOR,2016,23.3
Spain,ESP,2000,39.5
Spain,ESP,2005,35.8
Spain,ESP,2010,32.7
Spain,ESP,2011,32.1
Spain,ESP,2012,31.5
Spain,ESP,2013,30.9
Spain,ESP,2014,30.4
Spain,ESP,2015,29.7
Spain,ESP,2016,29.3
Sri Lanka,LKA,2000,16.5
Sri Lanka,LKA,2005,15.2
Sri Lanka,LKA,2010,14
Sri Lanka,LKA,2011,13.8
Sri Lanka,LKA,2012,13.6
Sri Lanka,LKA,2013,13.5
Sri Lanka,LKA,2014,13.2
Sri Lanka,LKA,2015,13.2
Sri Lanka,LKA,2016,13
Sub-Saharan Africa,,2000,13.4585491472518
Sub-Saharan Africa,,2005,12.2173797136574
Sub-Saharan Africa,,2010,11.1432029194076
Sub-Saharan Africa,,2011,10.9603379063931
Sub-Saharan Africa,,2012,10.8023811044889
Sub-Saharan Africa,,2013,10.6441267172536
Sub-Saharan Africa,,2014,10.4762713707846
Sub-Saharan Africa,,2015,10.338956567727
Sub-Saharan Africa,,2016,10.2177122461682
Sub-Saharan Africa (IDA & IBRD),,2000,13.4585491472518
Sub-Saharan Africa (IDA & IBRD),,2005,12.2173797136573
Sub-Saharan Africa (IDA & IBRD),,2010,11.1432029194076
Sub-Saharan Africa (IDA & IBRD),,2011,10.9603379063931
Sub-Saharan Africa (IDA & IBRD),,2012,10.8023811044889
Sub-Saharan Africa (IDA & IBRD),,2013,10.6441267172536
Sub-Saharan Africa (IDA & IBRD),,2014,10.4762713707846
Sub-Saharan Africa (IDA & IBRD),,2015,10.338956567727
Sub-Saharan Africa (IDA & IBRD),,2016,10.2177122461682
Sub-Saharan Africa (excluding high income),,2000,13.4562067936017
Sub-Saharan Africa (excluding high income),,2005,12.2151405701248
Sub-Saharan Africa (excluding high income),,2010,11.1410250450276
Sub-Saharan Africa (excluding high income),,2011,10.9582679468376
Sub-Saharan Africa (excluding high income),,2012,10.8003494767961
Sub-Saharan Africa (excluding high income),,2013,10.6421205734175
Sub-Saharan Africa (excluding high income),,2014,10.4743334808726
Sub-Saharan Africa (excluding high income),,2015,10.33704893387
Sub-Saharan Africa (excluding high income),,2016,10.2158595809732
Suriname,SUR,2000,50
Suriname,SUR,2005,41.3
Suriname,SUR,2010,33.1
Suriname,SUR,2011,31.5
Suriname,SUR,2012,30.1
Suriname,SUR,2013,28.7
Suriname,SUR,2014,27.5
Suriname,SUR,2015,26.2
Suriname,SUR,2016,25
Swaziland,SWZ,2000,9.3
Swaziland,SWZ,2005,9.1
Swaziland,SWZ,2010,9
Swaziland,SWZ,2011,9
Swaziland,SWZ,2012,9
Swaziland,SWZ,2013,9
Swaziland,SWZ,2014,9
Swaziland,SWZ,2015,9
Swaziland,SWZ,2016,9
Sweden,SWE,2000,32.3
Sweden,SWE,2005,27.4
Sweden,SWE,2010,23.1
Sweden,SWE,2011,22.3
Sweden,SWE,2012,21.6
Sweden,SWE,2013,20.9
Sweden,SWE,2014,20.1
Sweden,SWE,2015,19.5
Sweden,SWE,2016,18.8
Switzerland,CHE,2000,31.2
Switzerland,CHE,2005,29.2
Switzerland,CHE,2010,27.7
Switzerland,CHE,2011,27.2
Switzerland,CHE,2012,27
Switzerland,CHE,2013,26.7
Switzerland,CHE,2014,26.3
Switzerland,CHE,2015,26.1
Switzerland,CHE,2016,25.7
Tanzania,TZA,2000,22.3
Tanzania,TZA,2005,19.5
Tanzania,TZA,2010,17.1
Tanzania,TZA,2011,16.6
Tanzania,TZA,2012,16.2
Tanzania,TZA,2013,15.9
Tanzania,TZA,2014,15.4
Tanzania,TZA,2015,15.2
Tanzania,TZA,2016,14.8
Thailand,THA,2000,24.9
Thailand,THA,2005,23.2
Thailand,THA,2010,21.7
Thailand,THA,2011,21.3
Thailand,THA,2012,21
Thailand,THA,2013,20.8
Thailand,THA,2014,20.6
Thailand,THA,2015,20.1
Thailand,THA,2016,19.9
Timor,TLS,2000,51.8
Timor,TLS,2005,49.7
Timor,TLS,2010,46.8
Timor,TLS,2011,46
Timor,TLS,2012,45.2
Timor,TLS,2013,44.6
Timor,TLS,2014,44.1
Timor,TLS,2015,43.2
Timor,TLS,2016,42.6
Togo,TGO,2000,10
Togo,TGO,2005,8.9
Togo,TGO,2010,8.1
Togo,TGO,2011,8
Togo,TGO,2012,7.8
Togo,TGO,2013,7.7
Togo,TGO,2014,7.6
Togo,TGO,2015,7.4
Togo,TGO,2016,7.4
Tonga,TON,2000,36.3
Tonga,TON,2005,33
Tonga,TON,2010,30.3
Tonga,TON,2011,29.9
Tonga,TON,2012,29.4
Tonga,TON,2013,29.1
Tonga,TON,2014,28.6
Tonga,TON,2015,28.3
Tonga,TON,2016,27.9
Tunisia,TUN,2000,31.8
Tunisia,TUN,2005,31.1
Tunisia,TUN,2010,31.7
Tunisia,TUN,2011,31.8
Tunisia,TUN,2012,31.9
Tunisia,TUN,2013,32.1
Tunisia,TUN,2014,32.4
Tunisia,TUN,2015,32.6
Tunisia,TUN,2016,32.7
Turkey,TUR,2000,38.4
Turkey,TUR,2005,34.4
Turkey,TUR,2010,30.8
Turkey,TUR,2011,30.2
Turkey,TUR,2012,29.5
Turkey,TUR,2013,29
Turkey,TUR,2014,28.4
Turkey,TUR,2015,27.7
Turkey,TUR,2016,27.2
Uganda,UGA,2000,17.1
Uganda,UGA,2005,14.4
Uganda,UGA,2010,12.2
Uganda,UGA,2011,11.8
Uganda,UGA,2012,11.4
Uganda,UGA,2013,11
Uganda,UGA,2014,10.7
Uganda,UGA,2015,10.3
Uganda,UGA,2016,10
Ukraine,UKR,2000,36
Ukraine,UKR,2005,33.6
Ukraine,UKR,2010,31.4
Ukraine,UKR,2011,31
Ukraine,UKR,2012,30.6
Ukraine,UKR,2013,30.2
Ukraine,UKR,2014,29.8
Ukraine,UKR,2015,29.4
Ukraine,UKR,2016,28.9
United Arab Emirates,ARE,2000,25.2
United Arab Emirates,ARE,2005,26.3
United Arab Emirates,ARE,2010,28.2
United Arab Emirates,ARE,2011,28.2
United Arab Emirates,ARE,2012,28.5
United Arab Emirates,ARE,2013,28.6
United Arab Emirates,ARE,2014,28.6
United Arab Emirates,ARE,2015,28.6
United Arab Emirates,ARE,2016,28.9
United Kingdom,GBR,2000,38.2
United Kingdom,GBR,2005,32.3
United Kingdom,GBR,2010,27.2
United Kingdom,GBR,2011,26.3
United Kingdom,GBR,2012,25.5
United Kingdom,GBR,2013,24.6
United Kingdom,GBR,2014,23.7
United Kingdom,GBR,2015,23.1
United Kingdom,GBR,2016,22.3
United States,USA,2000,31.4
United States,USA,2005,27.9
United States,USA,2010,24.8
United States,USA,2011,24.3
United States,USA,2012,23.9
United States,USA,2013,23.3
United States,USA,2014,22.8
United States,USA,2015,22.3
United States,USA,2016,21.8
Upper middle income,,2000,29.6063037202032
Upper middle income,,2005,27.3034514966144
Upper middle income,,2010,25.3314177384648
Upper middle income,,2011,24.9069300928587
Upper middle income,,2012,24.6907138698603
Upper middle income,,2013,24.3155044825576
Upper middle income,,2014,23.9478409305237
Upper middle income,,2015,23.5717598269311
Upper middle income,,2016,23.2740451510406
Uruguay,URY,2000,52.7
Uruguay,URY,2005,36.7
Uruguay,URY,2010,25.7
Uruguay,URY,2011,23.9
Uruguay,URY,2012,22.3
Uruguay,URY,2013,20.8
Uruguay,URY,2014,19.3
Uruguay,URY,2015,18.1
Uruguay,URY,2016,16.8
Uzbekistan,UZB,2000,15.8
Uzbekistan,UZB,2005,14.6
Uzbekistan,UZB,2010,13.7
Uzbekistan,UZB,2011,13.5
Uzbekistan,UZB,2012,13.3
Uzbekistan,UZB,2013,13.2
Uzbekistan,UZB,2014,13
Uzbekistan,UZB,2015,12.8
Uzbekistan,UZB,2016,12.6
Vanuatu,VUT,2000,31.9
Vanuatu,VUT,2005,26.9
Vanuatu,VUT,2010,22.4
Vanuatu,VUT,2011,21.7
Vanuatu,VUT,2012,21.1
Vanuatu,VUT,2013,20.4
Vanuatu,VUT,2014,19.8
Vanuatu,VUT,2015,19.2
Vanuatu,VUT,2016,18.6
Vietnam,VNM,2000,25.1
Vietnam,VNM,2005,24.3
Vietnam,VNM,2010,23.7
Vietnam,VNM,2011,23.4
Vietnam,VNM,2012,23.5
Vietnam,VNM,2013,23.2
Vietnam,VNM,2014,23.1
Vietnam,VNM,2015,23.1
Vietnam,VNM,2016,22.8
World,OWID_WRL,2000,27.7109328165436
World,OWID_WRL,2005,24.9663613204615
World,OWID_WRL,2010,22.7272909662624
World,OWID_WRL,2011,22.2689240257811
World,OWID_WRL,2012,21.9549089357552
World,OWID_WRL,2013,21.5518754617505
World,OWID_WRL,2014,21.1641783895655
World,OWID_WRL,2015,20.8031696747223
World,OWID_WRL,2016,20.4755174405242
Yemen,YEM,2000,23.3
Yemen,YEM,2005,21.4
Yemen,YEM,2010,19.9
Yemen,YEM,2011,19.6
Yemen,YEM,2012,19.5
Yemen,YEM,2013,19
Yemen,YEM,2014,18.9
Yemen,YEM,2015,18.7
Yemen,YEM,2016,18.4
Zambia,ZMB,2000,18
Zambia,ZMB,2005,16.6
Zambia,ZMB,2010,15.2
Zambia,ZMB,2011,14.9
Zambia,ZMB,2012,14.7
Zambia,ZMB,2013,14.4
Zambia,ZMB,2014,14.3
Zambia,ZMB,2015,14
Zambia,ZMB,2016,13.8
Zimbabwe,ZWE,2000,18
Zimbabwe,ZWE,2005,17.1
Zimbabwe,ZWE,2010,16.4
Zimbabwe,ZWE,2011,16.4
Zimbabwe,ZWE,2012,16.2
Zimbabwe,ZWE,2013,16.1
Zimbabwe,ZWE,2014,16
Zimbabwe,ZWE,2015,15.9
Zimbabwe,ZWE,2016,15.8