Location,AgeGrp,PopMale,PopFemale,PopTotal
Afghanistan,0-19,10709.0,10197.0,20906.0
Afghanistan,20-39,5994.0,5574.0,11568.0
Afghanistan,40-59,2485.0,2316.0,4801.0
Afghanistan,60+,781.0,858.0,1639.0
Africa,0-19,344109.0,334982.0,679091.0
Africa,20-39,197448.0,197144.0,394592.0
Africa,40-59,94547.0,98460.0,193007.0
Africa,60+,33767.0,40123.0,73890.0
African Group,0-19,343795.0,334677.0,678472.0
African Group,20-39,197193.0,196889.0,394082.0
African Group,40-59,94334.0,98248.0,192582.0
African Group,60+,33661.0,40007.0,73668.0
African Union,0-19,343901.0,334782.0,678683.0
African Union,20-39,197306.0,196990.0,394296.0
African Union,40-59,94407.0,98310.0,192717.0
African Union,60+,33684.0,40025.0,73709.0
African Union: Central Africa,0-19,44287.0,43635.0,87922.0
African Union: Central Africa,20-39,22146.0,22062.0,44208.0
African Union: Central Africa,40-59,9556.0,9811.0,19367.0
African Union: Central Africa,60+,3260.0,3842.0,7102.0
African Union: Eastern Africa,0-19,103618.0,101543.0,205161.0
African Union: Eastern Africa,20-39,58238.0,58726.0,116964.0
African Union: Eastern Africa,40-59,25280.0,26354.0,51634.0
African Union: Eastern Africa,60+,8516.0,10268.0,18784.0
African Union: Northern Africa,0-19,41744.0,39579.0,81323.0
African Union: Northern Africa,20-39,32603.0,31962.0,64565.0
African Union: Northern Africa,40-59,20564.0,21094.0,41658.0
African Union: Northern Africa,60+,9229.0,10234.0,19463.0
African Union: Southern Africa,0-19,45345.0,44886.0,90231.0
African Union: Southern Africa,20-39,27741.0,28515.0,56256.0
African Union: Southern Africa,40-59,12970.0,14263.0,27233.0
African Union: Southern Africa,60+,4225.0,6036.0,10261.0
African Union: Western Africa,0-19,108899.0,105129.0,214028.0
African Union: Western Africa,20-39,56572.0,55718.0,112290.0
African Union: Western Africa,40-59,26028.0,26781.0,52809.0
African Union: Western Africa,60+,8434.0,9627.0,18061.0
"African, Caribbean and Pacific (ACP) Group of States",0-19,310288.0,302926.0,613214.0
"African, Caribbean and Pacific (ACP) Group of States",20-39,172031.0,172215.0,344246.0
"African, Caribbean and Pacific (ACP) Group of States",40-59,79211.0,82761.0,161972.0
"African, Caribbean and Pacific (ACP) Group of States",60+,27235.0,32993.0,60228.0
Albania,0-19,365.0,326.0,691.0
Albania,20-39,458.0,402.0,860.0
Albania,40-59,341.0,364.0,705.0
Albania,60+,290.0,312.0,602.0
Algeria,0-19,8373.0,8033.0,16406.0
Algeria,20-39,7002.0,6843.0,13845.0
Algeria,40-59,4618.0,4627.0,9245.0
Algeria,60+,2151.0,2185.0,4336.0
Andean Community,0-19,18849.0,18317.0,37166.0
Andean Community,20-39,18308.0,18260.0,36568.0
Andean Community,40-59,12428.0,13024.0,25452.0
Andean Community,60+,6450.0,7513.0,13963.0
Angola,0-19,9408.0,9368.0,18776.0
Angola,20-39,4423.0,4580.0,9003.0
Angola,40-59,1873.0,1999.0,3872.0
Angola,60+,548.0,647.0,1195.0
Antigua and Barbuda,0-19,12.0,12.0,24.0
Antigua and Barbuda,20-39,12.0,12.0,24.0
Antigua and Barbuda,40-59,11.0,12.0,23.0
Antigua and Barbuda,60+,4.0,4.0,8.0
Argentina,0-19,7422.0,7158.0,14580.0
Argentina,20-39,6745.0,6691.0,13436.0
Argentina,40-59,4902.0,5247.0,10149.0
Argentina,60+,2971.0,4042.0,7013.0
Armenia,0-19,416.0,368.0,784.0
Armenia,20-39,437.0,472.0,909.0
Armenia,40-59,314.0,398.0,712.0
Armenia,60+,216.0,322.0,538.0
Aruba,0-19,11.0,10.0,21.0
Aruba,20-39,10.0,11.0,21.0
Aruba,40-59,13.0,15.0,28.0
Aruba,60+,7.0,11.0,18.0
Asia,0-19,755565.0,690261.0,1445826.0
Asia,20-39,745785.0,692584.0,1438369.0
Asia,40-59,584112.0,566193.0,1150305.0
Asia,60+,287989.0,318545.0,606534.0
Asia-Pacific Economic Cooperation (APEC),0-19,398481.0,364272.0,762753.0
Asia-Pacific Economic Cooperation (APEC),20-39,439141.0,417000.0,856141.0
Asia-Pacific Economic Cooperation (APEC),40-59,414506.0,412276.0,826782.0
Asia-Pacific Economic Cooperation (APEC),60+,242705.0,283849.0,526554.0
Asia-Pacific Group,0-19,752832.0,687792.0,1440624.0
Asia-Pacific Group,20-39,742899.0,689694.0,1432593.0
Asia-Pacific Group,40-59,581823.0,563620.0,1145443.0
Asia-Pacific Group,60+,286496.0,316507.0,603003.0
Association of Southeast Asian Nations (ASEAN),0-19,114354.0,108271.0,222625.0
Association of Southeast Asian Nations (ASEAN),20-39,105756.0,103505.0,209261.0
Association of Southeast Asian Nations (ASEAN),40-59,79651.0,81380.0,161031.0
Association of Southeast Asian Nations (ASEAN),60+,33494.0,40870.0,74364.0
Australia,0-19,3300.0,3136.0,6436.0
Australia,20-39,3580.0,3510.0,7090.0
Australia,40-59,3176.0,3234.0,6410.0
Australia,60+,2631.0,2912.0,5543.0
Australia/New Zealand,0-19,3936.0,3741.0,7677.0
Australia/New Zealand,20-39,4228.0,4152.0,8380.0
Australia/New Zealand,40-59,3760.0,3870.0,7630.0
Australia/New Zealand,60+,3135.0,3479.0,6614.0
Austria,0-19,900.0,846.0,1746.0
Austria,20-39,1204.0,1151.0,2355.0
Austria,40-59,1292.0,1290.0,2582.0
Austria,60+,1033.0,1270.0,2303.0
Azerbaijan,0-19,1610.0,1407.0,3017.0
Azerbaijan,20-39,1704.0,1668.0,3372.0
Azerbaijan,40-59,1227.0,1331.0,2558.0
Azerbaijan,60+,514.0,659.0,1173.0
BRIC,0-19,484426.0,434022.0,918448.0
BRIC,20-39,509905.0,468265.0,978170.0
BRIC,40-59,420006.0,409236.0,829242.0
BRIC,60+,213081.0,238862.0,451943.0
BRICS,0-19,495534.0,444907.0,940441.0
BRICS,20-39,520122.0,478343.0,998465.0
BRICS,40-59,425803.0,415394.0,841197.0
BRICS,60+,215170.0,241834.0,457004.0
Bahamas,0-19,57.0,56.0,113.0
Bahamas,20-39,58.0,60.0,118.0
Bahamas,40-59,49.0,54.0,103.0
Bahamas,60+,18.0,23.0,41.0
Bahrain,0-19,206.0,190.0,396.0
Bahrain,20-39,578.0,233.0,811.0
Bahrain,40-59,259.0,134.0,393.0
Bahrain,60+,49.0,34.0,83.0
Bangladesh,0-19,30478.0,29164.0,59642.0
Bangladesh,20-39,28048.0,28225.0,56273.0
Bangladesh,40-59,18014.0,17639.0,35653.0
Bangladesh,60+,6708.0,6390.0,13098.0
Barbados,0-19,31.0,31.0,62.0
Barbados,20-39,36.0,36.0,72.0
Barbados,40-59,36.0,39.0,75.0
Barbados,60+,25.0,34.0,59.0
Belarus,0-19,1058.0,1009.0,2067.0
Belarus,20-39,1327.0,1276.0,2603.0
Belarus,40-59,1239.0,1388.0,2627.0
Belarus,60+,762.0,1366.0,2128.0
Belgium,0-19,1345.0,1266.0,2611.0
Belgium,20-39,1462.0,1424.0,2886.0
Belgium,40-59,1584.0,1530.0,3114.0
Belgium,60+,1345.0,1615.0,2960.0
Belize,0-19,77.0,75.0,152.0
Belize,20-39,65.0,67.0,132.0
Belize,40-59,36.0,36.0,72.0
Belize,60+,12.0,12.0,24.0
Belt-Road Initiative (BRI),0-19,673177.0,645830.0,1319007.0
Belt-Road Initiative (BRI),20-39,523917.0,510432.0,1034349.0
Belt-Road Initiative (BRI),40-59,343601.0,348768.0,692369.0
Belt-Road Initiative (BRI),60+,158654.0,198664.0,357318.0
Belt-Road Initiative: Africa,0-19,303211.0,295127.0,598338.0
Belt-Road Initiative: Africa,20-39,176619.0,176250.0,352869.0
Belt-Road Initiative: Africa,40-59,85472.0,88849.0,174321.0
Belt-Road Initiative: Africa,60+,30763.0,36347.0,67110.0
Belt-Road Initiative: Asia,0-19,288453.0,272886.0,561339.0
Belt-Road Initiative: Asia,20-39,257731.0,246561.0,504292.0
Belt-Road Initiative: Asia,40-59,176674.0,173321.0,349995.0
Belt-Road Initiative: Asia,60+,72935.0,83944.0,156879.0
Belt-Road Initiative: Europe,0-19,44417.0,42050.0,86467.0
Belt-Road Initiative: Europe,20-39,54724.0,52878.0,107602.0
Belt-Road Initiative: Europe,40-59,56196.0,60066.0,116262.0
Belt-Road Initiative: Europe,60+,41315.0,62229.0,103544.0
Belt-Road Initiative: Latin America and the Caribbean,0-19,34003.0,32859.0,66862.0
Belt-Road Initiative: Latin America and the Caribbean,20-39,32519.0,32498.0,65017.0
Belt-Road Initiative: Latin America and the Caribbean,40-59,23712.0,24951.0,48663.0
Belt-Road Initiative: Latin America and the Caribbean,60+,12803.0,15206.0,28009.0
Belt-Road Initiative: Pacific,0-19,3084.0,2898.0,5982.0
Belt-Road Initiative: Pacific,20-39,2318.0,2237.0,4555.0
Belt-Road Initiative: Pacific,40-59,1540.0,1573.0,3113.0
Belt-Road Initiative: Pacific,60+,820.0,921.0,1741.0
Benin,0-19,3231.0,3141.0,6372.0
Benin,20-39,1750.0,1743.0,3493.0
Benin,40-59,794.0,836.0,1630.0
Benin,60+,270.0,339.0,609.0
Bhutan,0-19,131.0,127.0,258.0
Bhutan,20-39,157.0,131.0,288.0
Bhutan,40-59,78.0,66.0,144.0
Bhutan,60+,35.0,29.0,64.0
Black Sea Economic Cooperation (BSEC),0-19,43865.0,41491.0,85356.0
Black Sea Economic Cooperation (BSEC),20-39,48954.0,47767.0,96721.0
Black Sea Economic Cooperation (BSEC),40-59,43519.0,47564.0,91083.0
Black Sea Economic Cooperation (BSEC),60+,27072.0,43102.0,70174.0
Bolivarian Alliance for the Americas (ALBA),0-19,10272.0,9818.0,20090.0
Bolivarian Alliance for the Americas (ALBA),20-39,8599.0,8602.0,17201.0
Bolivarian Alliance for the Americas (ALBA),40-59,6637.0,7021.0,13658.0
Bolivarian Alliance for the Americas (ALBA),60+,3527.0,4196.0,7723.0
Bolivia (Plurinational State of),0-19,2378.0,2280.0,4658.0
Bolivia (Plurinational State of),20-39,1856.0,1820.0,3676.0
Bolivia (Plurinational State of),40-59,1051.0,1068.0,2119.0
Bolivia (Plurinational State of),60+,563.0,639.0,1202.0
Bosnia and Herzegovina,0-19,327.0,310.0,637.0
Bosnia and Herzegovina,20-39,439.0,418.0,857.0
Bosnia and Herzegovina,40-59,468.0,477.0,945.0
Bosnia and Herzegovina,60+,362.0,459.0,821.0
Botswana,0-19,510.0,498.0,1008.0
Botswana,20-39,372.0,391.0,763.0
Botswana,40-59,186.0,218.0,404.0
Botswana,60+,62.0,96.0,158.0
Brazil,0-19,30744.0,29489.0,60233.0
Brazil,20-39,34383.0,34195.0,68578.0
Brazil,40-59,26103.0,27775.0,53878.0
Brazil,60+,13195.0,16653.0,29848.0
Brunei Darussalam,0-19,66.0,62.0,128.0
Brunei Darussalam,20-39,76.0,66.0,142.0
Brunei Darussalam,40-59,59.0,54.0,113.0
Brunei Darussalam,60+,16.0,18.0,34.0
Bulgaria,0-19,685.0,646.0,1331.0
Bulgaria,20-39,850.0,792.0,1642.0
Bulgaria,40-59,1015.0,988.0,2003.0
Bulgaria,60+,812.0,1137.0,1949.0
Burkina Faso,0-19,5893.0,5683.0,11576.0
Burkina Faso,20-39,2988.0,2944.0,5932.0
Burkina Faso,40-59,1222.0,1338.0,2560.0
Burkina Faso,60+,331.0,483.0,814.0
Burundi,0-19,3317.0,3276.0,6593.0
Burundi,20-39,1767.0,1797.0,3564.0
Burundi,40-59,588.0,648.0,1236.0
Burundi,60+,218.0,261.0,479.0
Cabo Verde,0-19,101.0,100.0,201.0
Cabo Verde,20-39,100.0,92.0,192.0
Cabo Verde,40-59,55.0,53.0,108.0
Cabo Verde,60+,13.0,22.0,35.0
Cambodia,0-19,3371.0,3256.0,6627.0
Cambodia,20-39,2980.0,3023.0,6003.0
Cambodia,40-59,1312.0,1502.0,2814.0
Cambodia,60+,491.0,765.0,1256.0
Cameroon,0-19,7066.0,6952.0,14018.0
Cameroon,20-39,3980.0,3968.0,7948.0
Cameroon,40-59,1702.0,1724.0,3426.0
Cameroon,60+,518.0,615.0,1133.0
Canada,0-19,4062.0,3877.0,7939.0
Canada,20-39,5233.0,5138.0,10371.0
Canada,40-59,5008.0,5017.0,10025.0
Canada,60+,4418.0,4970.0,9388.0
Caribbean,0-19,7077.0,6796.0,13873.0
Caribbean,20-39,6446.0,6410.0,12856.0
Caribbean,40-59,5003.0,5314.0,10317.0
Caribbean,60+,2959.0,3510.0,6469.0
Caribbean Community and Common Market (CARICOM),0-19,3639.0,3524.0,7163.0
Caribbean Community and Common Market (CARICOM),20-39,3033.0,3077.0,6110.0
Caribbean Community and Common Market (CARICOM),40-59,1766.0,1900.0,3666.0
Caribbean Community and Common Market (CARICOM),60+,874.0,1017.0,1891.0
Central African Republic,0-19,1355.0,1342.0,2697.0
Central African Republic,20-39,668.0,669.0,1337.0
Central African Republic,40-59,276.0,294.0,570.0
Central African Republic,60+,86.0,122.0,208.0
Central America,0-19,32910.0,31546.0,64456.0
Central America,20-39,28288.0,29047.0,57335.0
Central America,40-59,18165.0,20501.0,38666.0
Central America,60+,8676.0,10512.0,19188.0
Central Asia,0-19,14408.0,13689.0,28097.0
Central Asia,20-39,12182.0,12010.0,24192.0
Central Asia,40-59,7413.0,7991.0,15404.0
Central Asia,60+,2798.0,3827.0,6625.0
Central European Free Trade Agreement (CEFTA),0-19,2813.0,2626.0,5439.0
Central European Free Trade Agreement (CEFTA),20-39,3687.0,3488.0,7175.0
Central European Free Trade Agreement (CEFTA),40-59,3425.0,3548.0,6973.0
Central European Free Trade Agreement (CEFTA),60+,2677.0,3459.0,6136.0
Central and Southern Asia,0-19,385956.0,353680.0,739636.0
Central and Southern Asia,20-39,343954.0,319421.0,663375.0
Central and Southern Asia,40-59,214225.0,206793.0,421018.0
Central and Southern Asia,60+,93452.0,97208.0,190660.0
Chad,0-19,4762.0,4724.0,9486.0
Chad,20-39,2277.0,2269.0,4546.0
Chad,40-59,857.0,876.0,1733.0
Chad,60+,292.0,346.0,638.0
Channel Islands,0-19,16.0,16.0,32.0
Channel Islands,20-39,21.0,20.0,41.0
Channel Islands,40-59,23.0,23.0,46.0
Channel Islands,60+,15.0,19.0,34.0
Chile,0-19,2501.0,2416.0,4917.0
Chile,20-39,3012.0,2925.0,5937.0
Chile,40-59,2429.0,2499.0,4928.0
Chile,60+,1474.0,1838.0,3312.0
China,0-19,180228.0,157041.0,337269.0
China,20-39,215583.0,198390.0,413973.0
China,40-59,222768.0,215527.0,438295.0
China,60+,119660.0,130106.0,249766.0
China (and dependencies),0-19,183129.0,159713.0,342842.0
China (and dependencies),20-39,219969.0,202881.0,422850.0
China (and dependencies),40-59,227521.0,220750.0,448271.0
China (and dependencies),60+,123204.0,134097.0,257301.0
"China, Hong Kong SAR",0-19,636.0,578.0,1214.0
"China, Hong Kong SAR",20-39,873.0,1112.0,1985.0
"China, Hong Kong SAR",40-59,998.0,1335.0,2333.0
"China, Hong Kong SAR",60+,923.0,1023.0,1946.0
"China, Macao SAR",0-19,57.0,53.0,110.0
"China, Macao SAR",20-39,104.0,110.0,214.0
"China, Macao SAR",40-59,84.0,104.0,188.0
"China, Macao SAR",60+,56.0,59.0,115.0
"China, Taiwan Province of China",0-19,2201.0,2036.0,4237.0
"China, Taiwan Province of China",20-39,3403.0,3262.0,6665.0
"China, Taiwan Province of China",40-59,3666.0,3778.0,7444.0
"China, Taiwan Province of China",60+,2554.0,2897.0,5451.0
Colombia,0-19,7935.0,7593.0,15528.0
Colombia,20-39,8363.0,8291.0,16654.0
Colombia,40-59,5679.0,6312.0,11991.0
Colombia,60+,2998.0,3691.0,6689.0
Commonwealth of Independent States (CIS),0-19,39928.0,37747.0,77675.0
Commonwealth of Independent States (CIS),20-39,42665.0,41951.0,84616.0
Commonwealth of Independent States (CIS),40-59,34887.0,39098.0,73985.0
Commonwealth of Independent States (CIS),60+,20015.0,34282.0,54297.0
Commonwealth of Nations,0-19,519852.0,484304.0,1004156.0
Commonwealth of Nations,20-39,421738.0,395169.0,816907.0
Commonwealth of Nations,40-59,256318.0,249355.0,505673.0
Commonwealth of Nations,60+,115396.0,123232.0,238628.0
Commonwealth: Africa,0-19,152793.0,148775.0,301568.0
Commonwealth: Africa,20-39,86402.0,86188.0,172590.0
Commonwealth: Africa,40-59,40112.0,41630.0,81742.0
Commonwealth: Africa,60+,12461.0,15612.0,28073.0
Commonwealth: Asia,0-19,347144.0,316563.0,663707.0
Commonwealth: Asia,20-39,313767.0,287810.0,601577.0
Commonwealth: Asia,40-59,196624.0,187795.0,384419.0
Commonwealth: Asia,60+,86673.0,89257.0,175930.0
Commonwealth: Caribbean and Americas,0-19,5135.0,4912.0,10047.0
Commonwealth: Caribbean and Americas,20-39,6316.0,6213.0,12529.0
Commonwealth: Caribbean and Americas,40-59,5802.0,5857.0,11659.0
Commonwealth: Caribbean and Americas,60+,4864.0,5474.0,10338.0
Commonwealth: Europe,0-19,8203.0,7838.0,16041.0
Commonwealth: Europe,20-39,9246.0,9104.0,18350.0
Commonwealth: Europe,40-59,9000.0,9200.0,18200.0
Commonwealth: Europe,60+,7908.0,9014.0,16922.0
Commonwealth: Pacific,0-19,6567.0,6208.0,12775.0
Commonwealth: Pacific,20-39,5998.0,5847.0,11845.0
Commonwealth: Pacific,40-59,4771.0,4864.0,9635.0
Commonwealth: Pacific,60+,3475.0,3855.0,7330.0
Comoros,0-19,216.0,209.0,425.0
Comoros,20-39,135.0,131.0,266.0
Comoros,40-59,62.0,63.0,125.0
Comoros,60+,17.0,21.0,38.0
Congo,0-19,1434.0,1412.0,2846.0
Congo,20-39,776.0,774.0,1550.0
Congo,40-59,427.0,433.0,860.0
Congo,60+,109.0,136.0,245.0
Costa Rica,0-19,726.0,693.0,1419.0
Costa Rica,20-39,835.0,812.0,1647.0
Costa Rica,40-59,617.0,633.0,1250.0
Costa Rica,60+,355.0,401.0,756.0
Countries with Access to the Sea,0-19,1200641.0,1119622.0,2320263.0
Countries with Access to the Sea,20-39,1112050.0,1053007.0,2165057.0
Countries with Access to the Sea,40-59,859220.0,852286.0,1711506.0
Countries with Access to the Sea,60+,463306.0,539048.0,1002354.0
Countries with Access to the Sea: Africa,0-19,250536.0,243324.0,493860.0
Countries with Access to the Sea: Africa,20-39,148164.0,146919.0,295083.0
Countries with Access to the Sea: Africa,40-59,74492.0,77140.0,151632.0
Countries with Access to the Sea: Africa,60+,26993.0,31619.0,58612.0
Countries with Access to the Sea: Asia,0-19,720259.0,656630.0,1376889.0
Countries with Access to the Sea: Asia,20-39,719486.0,665347.0,1384833.0
Countries with Access to the Sea: Asia,40-59,569289.0,549987.0,1119276.0
Countries with Access to the Sea: Asia,60+,282144.0,311061.0,593205.0
Countries with Access to the Sea: Europe,0-19,73927.0,70008.0,143935.0
Countries with Access to the Sea: Europe,20-39,86856.0,84258.0,171114.0
Countries with Access to the Sea: Europe,40-59,92626.0,96438.0,189064.0
Countries with Access to the Sea: Europe,60+,74334.0,100599.0,174933.0
Countries with Access to the Sea: Latin America and the Caribbean,0-19,103171.0,99241.0,202412.0
Countries with Access to the Sea: Latin America and the Caribbean,20-39,100098.0,100586.0,200684.0
Countries with Access to the Sea: Latin America and the Caribbean,40-59,71761.0,77326.0,149087.0
Countries with Access to the Sea: Latin America and the Caribbean,60+,37105.0,45846.0,82951.0
Countries with Access to the Sea: Northern America,0-19,45990.0,44031.0,90021.0
Countries with Access to the Sea: Northern America,20-39,51278.0,49888.0,101166.0
Countries with Access to the Sea: Northern America,40-59,46136.0,46392.0,92528.0
Countries with Access to the Sea: Northern America,60+,39166.0,45968.0,85134.0
Countries with Access to the Sea: Oceania,0-19,6749.0,6379.0,13128.0
Countries with Access to the Sea: Oceania,20-39,6157.0,6001.0,12158.0
Countries with Access to the Sea: Oceania,40-59,4905.0,4995.0,9900.0
Countries with Access to the Sea: Oceania,60+,3541.0,3929.0,7470.0
Croatia,0-19,407.0,383.0,790.0
Croatia,20-39,514.0,494.0,1008.0
Croatia,40-59,563.0,570.0,1133.0
Croatia,60+,485.0,669.0,1154.0
Cuba,0-19,1255.0,1187.0,2442.0
Cuba,20-39,1506.0,1435.0,2941.0
Cuba,40-59,1744.0,1780.0,3524.0
Cuba,60+,1108.0,1289.0,2397.0
Curaçao,0-19,19.0,19.0,38.0
Curaçao,20-39,16.0,19.0,35.0
Curaçao,40-59,17.0,24.0,41.0
Curaçao,60+,14.0,21.0,35.0
Cyprus,0-19,139.0,130.0,269.0
Cyprus,20-39,194.0,181.0,375.0
Cyprus,40-59,153.0,157.0,310.0
Cyprus,60+,107.0,124.0,231.0
Czechia,0-19,1115.0,1056.0,2171.0
Czechia,20-39,1323.0,1258.0,2581.0
Czechia,40-59,1603.0,1544.0,3147.0
Czechia,60+,1223.0,1570.0,2793.0
Côte d'Ivoire,0-19,6954.0,6897.0,13851.0
Côte d'Ivoire,20-39,3903.0,3927.0,7830.0
Côte d'Ivoire,40-59,1784.0,1665.0,3449.0
Côte d'Ivoire,60+,650.0,579.0,1229.0
Dem. People's Republic of Korea,0-19,3571.0,3416.0,6987.0
Dem. People's Republic of Korea,20-39,3848.0,3716.0,7564.0
Dem. People's Republic of Korea,40-59,3648.0,3685.0,7333.0
Dem. People's Republic of Korea,60+,1530.0,2344.0,3874.0
Democratic Republic of the Congo,0-19,25444.0,25038.0,50482.0
Democratic Republic of the Congo,20-39,11939.0,11989.0,23928.0
Democratic Republic of the Congo,40-59,5383.0,5566.0,10949.0
Democratic Republic of the Congo,60+,1933.0,2248.0,4181.0
Denmark,0-19,655.0,623.0,1278.0
Denmark,20-39,735.0,709.0,1444.0
Denmark,40-59,773.0,770.0,1543.0
Denmark,60+,706.0,800.0,1506.0
Denmark (and dependencies),0-19,670.0,637.0,1307.0
Denmark (and dependencies),20-39,750.0,723.0,1473.0
Denmark (and dependencies),40-59,789.0,784.0,1573.0
Denmark (and dependencies),60+,716.0,810.0,1526.0
Djibouti,0-19,196.0,175.0,371.0
Djibouti,20-39,177.0,159.0,336.0
Djibouti,40-59,103.0,92.0,195.0
Djibouti,60+,31.0,34.0,65.0
Dominican Republic,0-19,2005.0,1927.0,3932.0
Dominican Republic,20-39,1716.0,1699.0,3415.0
Dominican Republic,40-59,1122.0,1163.0,2285.0
Dominican Republic,60+,565.0,630.0,1195.0
ECE: North America-2,0-19,45975.0,44016.0,89991.0
ECE: North America-2,20-39,51261.0,49872.0,101133.0
ECE: North America-2,40-59,46117.0,46376.0,92493.0
ECE: North America-2,60+,39152.0,45953.0,85105.0
ECE: UNECE-52,0-19,159562.0,151587.0,311149.0
ECE: UNECE-52,20-39,176691.0,171842.0,348533.0
ECE: UNECE-52,40-59,168774.0,174331.0,343105.0
ECE: UNECE-52,60+,129994.0,168682.0,298676.0
ECLAC: Latin America,0-19,105187.0,101179.0,206366.0
ECLAC: Latin America,20-39,101515.0,101919.0,203434.0
ECLAC: Latin America,40-59,72011.0,77419.0,149430.0
ECLAC: Latin America,60+,37040.0,45641.0,82681.0
ECLAC: The Caribbean,0-19,1752.0,1671.0,3423.0
ECLAC: The Caribbean,20-39,1681.0,1674.0,3355.0
ECLAC: The Caribbean,40-59,1448.0,1601.0,3049.0
ECLAC: The Caribbean,60+,971.0,1207.0,2178.0
ESCAP region: East and North-East Asia,0-19,200733.0,176451.0,377184.0
ESCAP region: East and North-East Asia,20-39,241832.0,223381.0,465213.0
ESCAP region: East and North-East Asia,40-59,254037.0,246572.0,500609.0
ESCAP region: East and North-East Asia,60+,147031.0,164216.0,311247.0
ESCAP region: North and Central Asia,0-19,34346.0,32463.0,66809.0
ESCAP region: North and Central Asia,20-39,35026.0,34595.0,69621.0
ESCAP region: North and Central Asia,40-59,27843.0,31154.0,58997.0
ESCAP region: North and Central Asia,60+,15586.0,26331.0,41917.0
ESCAP region: Pacific,0-19,6748.0,6377.0,13125.0
ESCAP region: Pacific,20-39,6156.0,6000.0,12156.0
ESCAP region: Pacific,40-59,4902.0,4992.0,9894.0
ESCAP region: Pacific,60+,3540.0,3928.0,7468.0
ESCAP region: South and South-West Asia,0-19,385356.0,353193.0,738549.0
ESCAP region: South and South-West Asia,20-39,344871.0,320258.0,665129.0
ESCAP region: South and South-West Asia,40-59,216754.0,209210.0,425964.0
ESCAP region: South and South-West Asia,60+,95429.0,99616.0,195045.0
ESCAP region: South-East Asia,0-19,114679.0,108586.0,223265.0
ESCAP region: South-East Asia,20-39,105960.0,103704.0,209664.0
ESCAP region: South-East Asia,40-59,79746.0,81473.0,161219.0
ESCAP region: South-East Asia,60+,33537.0,40914.0,74451.0
ESCAP: ADB Developing member countries (DMCs),0-19,672666.0,611340.0,1284006.0
ESCAP: ADB Developing member countries (DMCs),20-39,655003.0,611007.0,1266010.0
ESCAP: ADB Developing member countries (DMCs),40-59,509062.0,496596.0,1005658.0
ESCAP: ADB Developing member countries (DMCs),60+,243173.0,265368.0,508541.0
ESCAP: ADB Group A (Concessional assistance only),0-19,35185.0,34069.0,69254.0
ESCAP: ADB Group A (Concessional assistance only),20-39,25918.0,27194.0,53112.0
ESCAP: ADB Group A (Concessional assistance only),40-59,14363.0,16066.0,30429.0
ESCAP: ADB Group A (Concessional assistance only),60+,5490.0,7153.0,12643.0
ESCAP: ADB Group B (OCR blend),0-19,347192.0,316528.0,663720.0
ESCAP: ADB Group B (OCR blend),20-39,312114.0,286216.0,598330.0
ESCAP: ADB Group B (OCR blend),40-59,193870.0,185444.0,379314.0
ESCAP: ADB Group B (OCR blend),60+,84400.0,86830.0,171230.0
ESCAP: ADB Group C (Regular OCR only),0-19,290284.0,260738.0,551022.0
ESCAP: ADB Group C (Regular OCR only),20-39,316969.0,297593.0,614562.0
ESCAP: ADB Group C (Regular OCR only),40-59,300824.0,295082.0,595906.0
ESCAP: ADB Group C (Regular OCR only),60+,153275.0,171375.0,324650.0
ESCAP: ASEAN,0-19,114354.0,108271.0,222625.0
ESCAP: ASEAN,20-39,105756.0,103505.0,209261.0
ESCAP: ASEAN,40-59,79651.0,81380.0,161031.0
ESCAP: ASEAN,60+,33494.0,40870.0,74364.0
ESCAP: Central Asia,0-19,16974.0,15957.0,32931.0
ESCAP: Central Asia,20-39,14865.0,14681.0,29546.0
ESCAP: Central Asia,40-59,9450.0,10275.0,19725.0
ESCAP: Central Asia,60+,3872.0,5337.0,9209.0
ESCAP: ECO,0-19,105373.0,98876.0,204249.0
ESCAP: ECO,20-39,83804.0,81111.0,164915.0
ESCAP: ECO,40-59,49590.0,49858.0,99448.0
ESCAP: ECO,60+,20793.0,23205.0,43998.0
ESCAP: HDI groups,0-19,741870.0,677077.0,1418947.0
ESCAP: HDI groups,20-39,733853.0,687947.0,1421800.0
ESCAP: HDI groups,40-59,583291.0,573409.0,1156700.0
ESCAP: HDI groups,60+,295141.0,335024.0,630165.0
ESCAP: Landlocked countries (LLDCs),0-19,35304.0,33629.0,68933.0
ESCAP: Landlocked countries (LLDCs),20-39,26297.0,27237.0,53534.0
ESCAP: Landlocked countries (LLDCs),40-59,14820.0,16205.0,31025.0
ESCAP: Landlocked countries (LLDCs),60+,5843.0,7478.0,13321.0
ESCAP: Least Developed Countries (LDCs),0-19,62219.0,59971.0,122190.0
ESCAP: Least Developed Countries (LDCs),20-39,51308.0,52928.0,104236.0
ESCAP: Least Developed Countries (LDCs),40-59,30992.0,32248.0,63240.0
ESCAP: Least Developed Countries (LDCs),60+,11736.0,12955.0,24691.0
ESCAP: Pacific island dev. econ.,0-19,2810.0,2634.0,5444.0
ESCAP: Pacific island dev. econ.,20-39,1926.0,1845.0,3771.0
ESCAP: Pacific island dev. econ.,40-59,1141.0,1120.0,2261.0
ESCAP: Pacific island dev. econ.,60+,401.0,443.0,844.0
ESCAP: SAARC,0-19,358049.0,327170.0,685219.0
ESCAP: SAARC,20-39,317255.0,292842.0,610097.0
ESCAP: SAARC,40-59,196783.0,188874.0,385657.0
ESCAP: SAARC,60+,86279.0,89100.0,175379.0
ESCAP: WB High income econ.,0-19,20942.0,19781.0,40723.0
ESCAP: WB High income econ.,20-39,27214.0,25884.0,53098.0
ESCAP: WB High income econ.,40-59,32207.0,31905.0,64112.0
ESCAP: WB High income econ.,60+,29561.0,35791.0,65352.0
ESCAP: WB Low income econ.,0-19,20135.0,19347.0,39482.0
ESCAP: WB Low income econ.,20-39,13894.0,14918.0,28812.0
ESCAP: WB Low income econ.,40-59,8427.0,9063.0,17490.0
ESCAP: WB Low income econ.,60+,3467.0,4571.0,8038.0
ESCAP: WB Lower middle income econ.,0-19,455415.0,419141.0,874556.0
ESCAP: WB Lower middle income econ.,20-39,407611.0,380326.0,787937.0
ESCAP: WB Lower middle income econ.,40-59,262964.0,256026.0,518990.0
ESCAP: WB Lower middle income econ.,60+,111841.0,120846.0,232687.0
ESCAP: WB Upper middle income econ.,0-19,245371.0,218800.0,464171.0
ESCAP: WB Upper middle income econ.,20-39,285127.0,266809.0,551936.0
ESCAP: WB Upper middle income econ.,40-59,279685.0,276407.0,556092.0
ESCAP: WB Upper middle income econ.,60+,150255.0,173800.0,324055.0
ESCAP: WB income groups,0-19,741867.0,677074.0,1418941.0
ESCAP: WB income groups,20-39,733851.0,687944.0,1421795.0
ESCAP: WB income groups,40-59,583288.0,573407.0,1156695.0
ESCAP: WB income groups,60+,295137.0,335024.0,630161.0
ESCAP: high HDI,0-19,20853.0,19697.0,40550.0
ESCAP: high HDI,20-39,27126.0,25798.0,52924.0
ESCAP: high HDI,40-59,32129.0,31829.0,63958.0
ESCAP: high HDI,60+,29522.0,35750.0,65272.0
ESCAP: high income,0-19,20887.0,19731.0,40618.0
ESCAP: high income,20-39,27164.0,25833.0,52997.0
ESCAP: high income,40-59,32157.0,31859.0,64016.0
ESCAP: high income,60+,29539.0,35768.0,65307.0
ESCAP: income groups,0-19,741870.0,677077.0,1418947.0
ESCAP: income groups,20-39,733853.0,687947.0,1421800.0
ESCAP: income groups,40-59,583291.0,573409.0,1156700.0
ESCAP: income groups,60+,295141.0,335024.0,630165.0
ESCAP: low HDI,0-19,373996.0,342622.0,716618.0
ESCAP: low HDI,20-39,330357.0,306011.0,636368.0
ESCAP: low HDI,40-59,203797.0,196775.0,400572.0
ESCAP: low HDI,60+,88301.0,91976.0,180277.0
ESCAP: low income,0-19,400380.0,367012.0,767392.0
ESCAP: low income,20-39,357109.0,331965.0,689074.0
ESCAP: low income,40-59,223648.0,217169.0,440817.0
ESCAP: low income,60+,96328.0,103102.0,199430.0
ESCAP: lower middle HDI,0-19,288064.0,258753.0,546817.0
ESCAP: lower middle HDI,20-39,314863.0,295265.0,610128.0
ESCAP: lower middle HDI,40-59,298863.0,293118.0,591981.0
ESCAP: lower middle HDI,60+,151405.0,169364.0,320769.0
ESCAP: lower middle income,0-19,100375.0,95271.0,195646.0
ESCAP: lower middle income,20-39,91765.0,90562.0,182327.0
ESCAP: lower middle income,40-59,70513.0,71739.0,142252.0
ESCAP: lower middle income,60+,30432.0,35539.0,65971.0
ESCAP: other Asia-Pacific countries/areas,0-19,37675.0,35936.0,73611.0
ESCAP: other Asia-Pacific countries/areas,20-39,38054.0,30372.0,68426.0
ESCAP: other Asia-Pacific countries/areas,40-59,23963.0,18498.0,42461.0
ESCAP: other Asia-Pacific countries/areas,60+,7994.0,8313.0,16307.0
ESCAP: upper middle HDI,0-19,58950.0,56001.0,114951.0
ESCAP: upper middle HDI,20-39,61500.0,60866.0,122366.0
ESCAP: upper middle HDI,40-59,48494.0,51681.0,100175.0
ESCAP: upper middle HDI,60+,25898.0,37920.0,63818.0
ESCAP: upper middle income,0-19,220222.0,195057.0,415279.0
ESCAP: upper middle income,20-39,257810.0,239582.0,497392.0
ESCAP: upper middle income,40-59,256966.0,252638.0,509604.0
ESCAP: upper middle income,60+,138827.0,160602.0,299429.0
ESCWA: Arab countries,0-19,91825.0,87793.0,179618.0
ESCWA: Arab countries,20-39,74799.0,66657.0,141456.0
ESCWA: Arab countries,40-59,43965.0,39135.0,83100.0
ESCWA: Arab countries,60+,15578.0,16608.0,32186.0
ESCWA: Arab least developed countries,0-19,25005.0,24302.0,49307.0
ESCWA: Arab least developed countries,20-39,14529.0,14415.0,28944.0
ESCWA: Arab least developed countries,40-59,6288.0,6578.0,12866.0
ESCWA: Arab least developed countries,60+,2317.0,2621.0,4938.0
ESCWA: Gulf Cooperation Council countries,0-19,8204.0,7867.0,16071.0
ESCWA: Gulf Cooperation Council countries,20-39,15495.0,8383.0,23878.0
ESCWA: Gulf Cooperation Council countries,40-59,10677.0,4989.0,15666.0
ESCWA: Gulf Cooperation Council countries,60+,1832.0,1197.0,3029.0
ESCWA: Maghreb countries,0-19,18117.0,17267.0,35384.0
ESCWA: Maghreb countries,20-39,15684.0,15550.0,31234.0
ESCWA: Maghreb countries,40-59,10790.0,11251.0,22041.0
ESCWA: Maghreb countries,60+,5200.0,5570.0,10770.0
ESCWA: Mashreq countries,0-19,40495.0,38350.0,78845.0
ESCWA: Mashreq countries,20-39,29087.0,28305.0,57392.0
ESCWA: Mashreq countries,40-59,16203.0,16308.0,32511.0
ESCWA: Mashreq countries,60+,6215.0,7204.0,13419.0
ESCWA: member countries,0-19,78431.0,74819.0,153250.0
ESCWA: member countries,20-39,65377.0,57394.0,122771.0
ESCWA: member countries,40-59,38312.0,33424.0,71736.0
ESCWA: member countries,60+,13012.0,13986.0,26998.0
East African Community (EAC),0-19,52641.0,51764.0,104405.0
East African Community (EAC),20-39,28654.0,29279.0,57933.0
East African Community (EAC),40-59,12197.0,12772.0,24969.0
East African Community (EAC),60+,3486.0,4472.0,7958.0
Eastern Africa,0-19,118856.0,116852.0,235708.0
Eastern Africa,20-39,65496.0,66764.0,132260.0
Eastern Africa,40-59,27641.0,29340.0,56981.0
Eastern Africa,60+,9034.0,11400.0,20434.0
Eastern Asia,0-19,202937.0,178489.0,381426.0
Eastern Asia,20-39,245237.0,226644.0,471881.0
Eastern Asia,40-59,257704.0,250352.0,508056.0
Eastern Asia,60+,149590.0,167117.0,316707.0
Eastern Europe,0-19,32703.0,31036.0,63739.0
Eastern Europe,20-39,40315.0,39069.0,79384.0
Eastern Europe,40-59,38553.0,41955.0,80508.0
Eastern Europe,60+,26249.0,43111.0,69360.0
Eastern European Group,0-19,38487.0,36313.0,74800.0
Eastern European Group,20-39,47007.0,45501.0,92508.0
Eastern European Group,40-59,44607.0,48366.0,92973.0
Eastern European Group,60+,30554.0,48975.0,79529.0
Eastern and South-Eastern Asia,0-19,317617.0,287076.0,604693.0
Eastern and South-Eastern Asia,20-39,351197.0,330352.0,681549.0
Eastern and South-Eastern Asia,40-59,337451.0,331827.0,669278.0
Eastern and South-Eastern Asia,60+,183130.0,208037.0,391167.0
Economic Community of Central African States (ECCAS),0-19,56937.0,56232.0,113169.0
Economic Community of Central African States (ECCAS),20-39,28536.0,28702.0,57238.0
Economic Community of Central African States (ECCAS),40-59,12306.0,12738.0,25044.0
Economic Community of Central African States (ECCAS),60+,4102.0,4866.0,8968.0
Economic Community of West African States (ECOWAS),0-19,108899.0,105129.0,214028.0
Economic Community of West African States (ECOWAS),20-39,56572.0,55718.0,112290.0
Economic Community of West African States (ECOWAS),40-59,26028.0,26781.0,52809.0
Economic Community of West African States (ECOWAS),60+,8434.0,9627.0,18061.0
Economic Cooperation Organization (ECO),0-19,105373.0,98876.0,204249.0
Economic Cooperation Organization (ECO),20-39,83804.0,81111.0,164915.0
Economic Cooperation Organization (ECO),40-59,49590.0,49858.0,99448.0
Economic Cooperation Organization (ECO),60+,20793.0,23205.0,43998.0
Ecuador,0-19,3263.0,3126.0,6389.0
Ecuador,20-39,2834.0,2791.0,5625.0
Ecuador,40-59,1809.0,1867.0,3676.0
Ecuador,60+,907.0,1027.0,1934.0
Egypt,0-19,22342.0,21067.0,43409.0
Egypt,20-39,16093.0,15614.0,31707.0
Egypt,40-59,9359.0,9431.0,18790.0
Egypt,60+,3898.0,4509.0,8407.0
El Salvador,0-19,1175.0,1133.0,2308.0
El Salvador,20-39,977.0,1117.0,2094.0
El Salvador,40-59,552.0,737.0,1289.0
El Salvador,60+,321.0,452.0,773.0
Equatorial Guinea,0-19,321.0,311.0,632.0
Equatorial Guinea,20-39,328.0,204.0,532.0
Equatorial Guinea,40-59,100.0,73.0,173.0
Equatorial Guinea,60+,23.0,24.0,47.0
Eritrea,0-19,933.0,896.0,1829.0
Eritrea,20-39,517.0,512.0,1029.0
Eritrea,40-59,218.0,231.0,449.0
Eritrea,60+,98.0,121.0,219.0
Estonia,0-19,142.0,135.0,277.0
Estonia,20-39,175.0,160.0,335.0
Estonia,40-59,173.0,173.0,346.0
Estonia,60+,129.0,220.0,349.0
Eswatini,0-19,282.0,277.0,559.0
Eswatini,20-39,181.0,190.0,371.0
Eswatini,40-59,75.0,76.0,151.0
Eswatini,60+,24.0,36.0,60.0
Ethiopia,0-19,29782.0,29082.0,58864.0
Ethiopia,20-39,17671.0,17557.0,35228.0
Ethiopia,40-59,7242.0,7497.0,14739.0
Ethiopia,60+,2812.0,3300.0,6112.0
Eurasian Economic Community (Eurasec),0-19,31656.0,30051.0,61707.0
Eurasian Economic Community (Eurasec),20-39,32689.0,32220.0,64909.0
Eurasian Economic Community (Eurasec),40-59,26455.0,29620.0,56075.0
Eurasian Economic Community (Eurasec),60+,15073.0,25908.0,40981.0
Europe,0-19,81134.0,76827.0,157961.0
Europe,20-39,96151.0,93175.0,189326.0
Europe,40-59,102277.0,106255.0,208532.0
Europe,60+,81490.0,110309.0,191799.0
Europe (48),0-19,81134.0,76827.0,157961.0
Europe (48),20-39,96151.0,93175.0,189326.0
Europe (48),40-59,102277.0,106255.0,208532.0
Europe (48),60+,81490.0,110309.0,191799.0
Europe and Northern America,0-19,127125.0,120860.0,247985.0
Europe and Northern America,20-39,147432.0,143064.0,290496.0
Europe and Northern America,40-59,148414.0,152648.0,301062.0
Europe and Northern America,60+,120660.0,156280.0,276940.0
European Community (EC: 12),0-19,40845.0,38642.0,79487.0
European Community (EC: 12),20-39,46512.0,45254.0,91766.0
European Community (EC: 12),40-59,54241.0,54827.0,109068.0
European Community (EC: 12),60+,47224.0,57294.0,104518.0
European Free Trade Agreement (EFTA),0-19,1573.0,1496.0,3069.0
European Free Trade Agreement (EFTA),20-39,1948.0,1878.0,3826.0
European Free Trade Agreement (EFTA),40-59,2041.0,1977.0,4018.0
European Free Trade Agreement (EFTA),60+,1653.0,1871.0,3524.0
European Union (EU: 15),0-19,43541.0,41193.0,84734.0
European Union (EU: 15),20-39,49753.0,48347.0,98100.0
European Union (EU: 15),40-59,57532.0,58061.0,115593.0
European Union (EU: 15),60+,50228.0,60830.0,111058.0
European Union (EU: 28),0-19,54186.0,51301.0,105487.0
European Union (EU: 28),20-39,63509.0,61291.0,124800.0
European Union (EU: 28),40-59,72039.0,72582.0,144621.0
European Union (EU: 28),60+,61509.0,76698.0,138207.0
Fiji,0-19,169.0,161.0,330.0
Fiji,20-39,139.0,134.0,273.0
Fiji,40-59,99.0,95.0,194.0
Fiji,60+,36.0,43.0,79.0
Finland,0-19,599.0,571.0,1170.0
Finland,20-39,705.0,669.0,1374.0
Finland,40-59,695.0,680.0,1375.0
Finland,60+,722.0,877.0,1599.0
France,0-19,7874.0,7531.0,15405.0
France,20-39,7616.0,7762.0,15378.0
France,40-59,8337.0,8620.0,16957.0
France,60+,7750.0,9760.0,17510.0
France (and dependencies),0-19,8336.0,7976.0,16312.0
France (and dependencies),20-39,7963.0,8134.0,16097.0
France (and dependencies),40-59,8684.0,9010.0,17694.0
France (and dependencies),60+,7984.0,10041.0,18025.0
French Guiana,0-19,61.0,59.0,120.0
French Guiana,20-39,38.0,41.0,79.0
French Guiana,40-59,29.0,29.0,58.0
French Guiana,60+,10.0,11.0,21.0
French Polynesia,0-19,42.0,39.0,81.0
French Polynesia,20-39,40.0,40.0,80.0
French Polynesia,40-59,36.0,36.0,72.0
French Polynesia,60+,16.0,16.0,32.0
Gabon,0-19,514.0,505.0,1019.0
Gabon,20-39,364.0,349.0,713.0
Gabon,40-59,194.0,168.0,362.0
Gabon,60+,51.0,60.0,111.0
Gambia,0-19,663.0,652.0,1315.0
Gambia,20-39,347.0,361.0,708.0
Gambia,40-59,135.0,150.0,285.0
Gambia,60+,45.0,44.0,89.0
Georgia,0-19,533.0,489.0,1022.0
Georgia,20-39,537.0,525.0,1062.0
Georgia,40-59,491.0,547.0,1038.0
Georgia,60+,332.0,518.0,850.0
Germany,0-19,8181.0,7627.0,15808.0
Germany,20-39,10499.0,9746.0,20245.0
Germany,40-59,11903.0,11824.0,23727.0
Germany,60+,10822.0,13159.0,23981.0
Ghana,0-19,7492.0,7179.0,14671.0
Ghana,20-39,4897.0,4688.0,9585.0
Ghana,40-59,2586.0,2576.0,5162.0
Ghana,60+,765.0,869.0,1634.0
Greater Arab Free Trade Area (GAFTA),0-19,85629.0,81715.0,167344.0
Greater Arab Free Trade Area (GAFTA),20-39,71668.0,63546.0,135214.0
Greater Arab Free Trade Area (GAFTA),40-59,42589.0,37704.0,80293.0
Greater Arab Free Trade Area (GAFTA),60+,15063.0,16044.0,31107.0
Greece,0-19,1002.0,945.0,1947.0
Greece,20-39,1232.0,1157.0,2389.0
Greece,40-59,1527.0,1548.0,3075.0
Greece,60+,1345.0,1645.0,2990.0
Grenada,0-19,15.0,15.0,30.0
Grenada,20-39,16.0,16.0,32.0
Grenada,40-59,12.0,11.0,23.0
Grenada,60+,4.0,5.0,9.0
Group of 77 (G77),0-19,1138418.0,1063344.0,2201762.0
Group of 77 (G77),20-39,975835.0,923691.0,1899526.0
Group of 77 (G77),40-59,689002.0,677664.0,1366666.0
Group of 77 (G77),60+,316069.0,351235.0,667304.0
Group of Eight (G8),0-19,103966.0,98990.0,202956.0
Group of Eight (G8),20-39,118832.0,115568.0,234400.0
Group of Eight (G8),40-59,120458.0,123382.0,243840.0
Group of Eight (G8),60+,104629.0,132715.0,237344.0
Group of Seven (G7),0-19,86594.0,82483.0,169077.0
Group of Seven (G7),20-39,98670.0,95653.0,194323.0
Group of Seven (G7),40-59,102067.0,102501.0,204568.0
Group of Seven (G7),60+,92916.0,111723.0,204639.0
Group of Twenty (G20) - member states,0-19,687800.0,628263.0,1316063.0
Group of Twenty (G20) - member states,20-39,719402.0,671358.0,1390760.0
Group of Twenty (G20) - member states,40-59,608092.0,597226.0,1205318.0
Group of Twenty (G20) - member states,60+,344562.0,396605.0,741167.0
Guadeloupe,0-19,51.0,48.0,99.0
Guadeloupe,20-39,36.0,41.0,77.0
Guadeloupe,40-59,46.0,61.0,107.0
Guadeloupe,60+,42.0,55.0,97.0
Guam,0-19,25.0,24.0,49.0
Guam,20-39,23.0,22.0,45.0
Guam,40-59,19.0,17.0,36.0
Guam,60+,9.0,10.0,19.0
Guatemala,0-19,4041.0,3874.0,7915.0
Guatemala,20-39,2952.0,2990.0,5942.0
Guatemala,40-59,1252.0,1500.0,2752.0
Guatemala,60+,572.0,715.0,1287.0
Guinea,0-19,3608.0,3553.0,7161.0
Guinea,20-39,1878.0,1954.0,3832.0
Guinea,40-59,626.0,883.0,1509.0
Guinea,60+,233.0,380.0,613.0
Guinea-Bissau,0-19,516.0,511.0,1027.0
Guinea-Bissau,20-39,288.0,304.0,592.0
Guinea-Bissau,40-59,114.0,131.0,245.0
Guinea-Bissau,60+,33.0,50.0,83.0
Gulf Cooperation Council (GCC),0-19,8204.0,7867.0,16071.0
Gulf Cooperation Council (GCC),20-39,15495.0,8383.0,23878.0
Gulf Cooperation Council (GCC),40-59,10677.0,4989.0,15666.0
Gulf Cooperation Council (GCC),60+,1832.0,1197.0,3029.0
Guyana,0-19,146.0,141.0,287.0
Guyana,20-39,120.0,115.0,235.0
Guyana,40-59,82.0,83.0,165.0
Guyana,60+,36.0,41.0,77.0
Haiti,0-19,2456.0,2387.0,4843.0
Haiti,20-39,1857.0,1914.0,3771.0
Haiti,40-59,904.0,989.0,1893.0
Haiti,60+,397.0,478.0,875.0
High-income countries,0-19,143911.0,136948.0,280859.0
High-income countries,20-39,172453.0,160223.0,332676.0
High-income countries,40-59,172928.0,168383.0,341311.0
High-income countries,60+,139666.0,168560.0,308226.0
Honduras,0-19,2077.0,1990.0,4067.0
Honduras,20-39,1701.0,1670.0,3371.0
Honduras,40-59,834.0,891.0,1725.0
Honduras,60+,328.0,394.0,722.0
Hungary,0-19,962.0,913.0,1875.0
Hungary,20-39,1225.0,1179.0,2404.0
Hungary,40-59,1378.0,1408.0,2786.0
Hungary,60+,1022.0,1553.0,2575.0
Iceland,0-19,42.0,41.0,83.0
Iceland,20-39,47.0,44.0,91.0
Iceland,40-59,40.0,40.0,80.0
Iceland,60+,32.0,34.0,66.0
India,0-19,256077.0,230982.0,487059.0
India,20-39,239771.0,215762.0,455533.0
India,40-59,152739.0,145049.0,297788.0
India,60+,68502.0,71098.0,139600.0
Indonesia,0-19,48320.0,45935.0,94255.0
Indonesia,20-39,42810.0,41926.0,84736.0
Indonesia,40-59,33609.0,33389.0,66998.0
Indonesia,60+,12970.0,14546.0,27516.0
Iran (Islamic Republic of),0-19,13493.0,12817.0,26310.0
Iran (Islamic Republic of),20-39,14514.0,14565.0,29079.0
Iran (Islamic Republic of),40-59,10025.0,9922.0,19947.0
Iran (Islamic Republic of),60+,4365.0,4272.0,8637.0
Iraq,0-19,9924.0,9394.0,19318.0
Iraq,20-39,6413.0,6152.0,12565.0
Iraq,40-59,3092.0,3182.0,6274.0
Iraq,60+,919.0,1126.0,2045.0
Ireland,0-19,684.0,653.0,1337.0
Ireland,20-39,627.0,633.0,1260.0
Ireland,40-59,671.0,688.0,1359.0
Ireland,60+,457.0,502.0,959.0
Israel,0-19,1576.0,1495.0,3071.0
Israel,20-39,1176.0,1139.0,2315.0
Israel,40-59,903.0,929.0,1832.0
Israel,60+,643.0,774.0,1417.0
Italy,0-19,5525.0,5200.0,10725.0
Italy,20-39,6677.0,6420.0,13097.0
Italy,40-59,9187.0,9398.0,18585.0
Italy,60+,8040.0,9996.0,18036.0
Jamaica,0-19,473.0,454.0,927.0
Jamaica,20-39,481.0,476.0,957.0
Jamaica,40-59,324.0,352.0,676.0
Jamaica,60+,184.0,201.0,385.0
Japan,0-19,11008.0,10434.0,21442.0
Japan,20-39,13619.0,12980.0,26599.0
Japan,40-59,17723.0,17287.0,35010.0
Japan,60+,19390.0,24012.0,43402.0
Jordan,0-19,2231.0,2158.0,4389.0
Jordan,20-39,1664.0,1627.0,3291.0
Jordan,40-59,972.0,921.0,1893.0
Jordan,60+,290.0,323.0,613.0
Kazakhstan,0-19,3388.0,3198.0,6586.0
Kazakhstan,20-39,2784.0,2780.0,5564.0
Kazakhstan,40-59,2057.0,2264.0,4321.0
Kazakhstan,60+,874.0,1411.0,2285.0
Kenya,0-19,13482.0,13275.0,26757.0
Kenya,20-39,8482.0,8580.0,17062.0
Kenya,40-59,3772.0,3933.0,7705.0
Kenya,60+,974.0,1257.0,2231.0
Kiribati,0-19,25.0,24.0,49.0
Kiribati,20-39,16.0,16.0,32.0
Kiribati,40-59,8.0,9.0,17.0
Kiribati,60+,1.0,2.0,3.0
Kuwait,0-19,614.0,524.0,1138.0
Kuwait,20-39,813.0,506.0,1319.0
Kuwait,40-59,1001.0,523.0,1524.0
Kuwait,60+,179.0,93.0,272.0
Kyrgyzstan,0-19,1344.0,1284.0,2628.0
Kyrgyzstan,20-39,1055.0,1038.0,2093.0
Kyrgyzstan,40-59,607.0,656.0,1263.0
Kyrgyzstan,60+,209.0,309.0,518.0
LLDC: Africa,0-19,93571.0,91656.0,185227.0
LLDC: Africa,20-39,49282.0,50222.0,99504.0
LLDC: Africa,40-59,20051.0,21319.0,41370.0
LLDC: Africa,60+,6769.0,8499.0,15268.0
LLDC: Asia,0-19,35304.0,33629.0,68933.0
LLDC: Asia,20-39,26297.0,27237.0,53534.0
LLDC: Asia,40-59,14820.0,16205.0,31025.0
LLDC: Asia,60+,5843.0,7478.0,13321.0
LLDC: Europe,0-19,670.0,629.0,1299.0
LLDC: Europe,20-39,995.0,956.0,1951.0
LLDC: Europe,40-59,807.0,855.0,1662.0
LLDC: Europe,60+,492.0,691.0,1183.0
LLDC: Latin America,0-19,3769.0,3609.0,7378.0
LLDC: Latin America,20-39,3097.0,3008.0,6105.0
LLDC: Latin America,40-59,1698.0,1694.0,3392.0
LLDC: Latin America,60+,906.0,1001.0,1907.0
Land-locked Countries,0-19,139855.0,135719.0,275574.0
Land-locked Countries,20-39,87975.0,89389.0,177364.0
Land-locked Countries,40-59,46223.0,49039.0,95262.0
Land-locked Countries,60+,20681.0,26694.0,47375.0
Land-locked Countries (Others),0-19,6534.0,6186.0,12720.0
Land-locked Countries (Others),20-39,8297.0,7956.0,16253.0
Land-locked Countries (Others),40-59,8839.0,8958.0,17797.0
Land-locked Countries (Others),60+,6654.0,9009.0,15663.0
Land-locked Developing Countries (LLDC),0-19,133319.0,129531.0,262850.0
Land-locked Developing Countries (LLDC),20-39,79676.0,81430.0,161106.0
Land-locked Developing Countries (LLDC),40-59,37383.0,40080.0,77463.0
Land-locked Developing Countries (LLDC),60+,14024.0,17680.0,31704.0
Lao People's Democratic Republic,0-19,1542.0,1488.0,3030.0
Lao People's Democratic Republic,20-39,1229.0,1216.0,2445.0
Lao People's Democratic Republic,40-59,646.0,648.0,1294.0
Lao People's Democratic Republic,60+,226.0,261.0,487.0
Latin America and the Caribbean,0-19,106941.0,102854.0,209795.0
Latin America and the Caribbean,20-39,103197.0,103596.0,206793.0
Latin America and the Caribbean,40-59,73462.0,79022.0,152484.0
Latin America and the Caribbean,60+,38016.0,46855.0,84871.0
Latin American Integration Association (ALADI),0-19,91380.0,87921.0,179301.0
Latin American Integration Association (ALADI),20-39,90348.0,90600.0,180948.0
Latin American Integration Association (ALADI),40-59,66136.0,70810.0,136946.0
Latin American Integration Association (ALADI),60+,34226.0,42220.0,76446.0
Latin American and Caribbean Group (GRULAC),0-19,106368.0,102315.0,208683.0
Latin American and Caribbean Group (GRULAC),20-39,102688.0,103081.0,205769.0
Latin American and Caribbean Group (GRULAC),40-59,72874.0,78329.0,151203.0
Latin American and Caribbean Group (GRULAC),60+,37516.0,46182.0,83698.0
Latvia,0-19,202.0,190.0,392.0
Latvia,20-39,230.0,218.0,448.0
Latvia,40-59,245.0,269.0,514.0
Latvia,60+,181.0,330.0,511.0
"League of Arab States (LAS, informal name: Arab League)",0-19,91825.0,87793.0,179618.0
"League of Arab States (LAS, informal name: Arab League)",20-39,74799.0,66657.0,141456.0
"League of Arab States (LAS, informal name: Arab League)",40-59,43965.0,39135.0,83100.0
"League of Arab States (LAS, informal name: Arab League)",60+,15578.0,16608.0,32186.0
Least developed countries,0-19,264578.0,258375.0,522953.0
Least developed countries,20-39,158155.0,160865.0,319020.0
Least developed countries,40-59,76108.0,80294.0,156402.0
Least developed countries,60+,27163.0,31878.0,59041.0
Least developed: Africa,0-19,192365.0,188765.0,381130.0
Least developed: Africa,20-39,100000.0,101129.0,201129.0
Least developed: Africa,40-59,42343.0,45135.0,87478.0
Least developed: Africa,60+,14383.0,17694.0,32077.0
Least developed: Asia,0-19,69469.0,66953.0,136422.0
Least developed: Asia,20-39,56129.0,57656.0,113785.0
Least developed: Asia,40-59,32769.0,34074.0,66843.0
Least developed: Asia,60+,12344.0,13661.0,26005.0
Least developed: Latin America and the Caribbean,0-19,2456.0,2387.0,4843.0
Least developed: Latin America and the Caribbean,20-39,1857.0,1914.0,3771.0
Least developed: Latin America and the Caribbean,40-59,904.0,989.0,1893.0
Least developed: Latin America and the Caribbean,60+,397.0,478.0,875.0
Least developed: Oceania,0-19,283.0,265.0,548.0
Least developed: Oceania,20-39,160.0,160.0,320.0
Least developed: Oceania,40-59,88.0,91.0,179.0
Least developed: Oceania,60+,28.0,31.0,59.0
Lebanon,0-19,1179.0,1105.0,2284.0
Lebanon,20-39,1041.0,1143.0,2184.0
Lebanon,40-59,841.0,743.0,1584.0
Lebanon,60+,365.0,391.0,756.0
Lesotho,0-19,452.0,451.0,903.0
Lesotho,20-39,368.0,350.0,718.0
Lesotho,40-59,170.0,178.0,348.0
Lesotho,60+,57.0,97.0,154.0
Less developed regions,0-19,1198422.0,1120302.0,2318724.0
Less developed regions,20-39,1034744.0,982195.0,2016939.0
Less developed regions,40-59,735543.0,727514.0,1463057.0
Less developed regions,60+,340792.0,381963.0,722755.0
"Less developed regions, excluding China",0-19,1015290.0,960587.0,1975877.0
"Less developed regions, excluding China",20-39,814772.0,779312.0,1594084.0
"Less developed regions, excluding China",40-59,508019.0,506762.0,1014781.0
"Less developed regions, excluding China",60+,217583.0,247860.0,465443.0
"Less developed regions, excluding least developed countries",0-19,933840.0,861925.0,1795765.0
"Less developed regions, excluding least developed countries",20-39,876587.0,821328.0,1697915.0
"Less developed regions, excluding least developed countries",40-59,659433.0,647217.0,1306650.0
"Less developed regions, excluding least developed countries",60+,313622.0,350080.0,663702.0
Less developed: Africa,0-19,344109.0,334982.0,679091.0
Less developed: Africa,20-39,197448.0,197144.0,394592.0
Less developed: Africa,40-59,94547.0,98460.0,193007.0
Less developed: Africa,60+,33767.0,40123.0,73890.0
Less developed: Asia,0-19,744553.0,679825.0,1424378.0
Less developed: Asia,20-39,732166.0,679603.0,1411769.0
Less developed: Asia,40-59,566386.0,548904.0,1115290.0
Less developed: Asia,60+,268592.0,294528.0,563120.0
Less developed: Latin America and the Caribbean,0-19,106941.0,102854.0,209795.0
Less developed: Latin America and the Caribbean,20-39,103197.0,103596.0,206793.0
Less developed: Latin America and the Caribbean,40-59,73462.0,79022.0,152484.0
Less developed: Latin America and the Caribbean,60+,38016.0,46855.0,84871.0
Less developed: Oceania,0-19,2812.0,2636.0,5448.0
Less developed: Oceania,20-39,1927.0,1847.0,3774.0
Less developed: Oceania,40-59,1143.0,1122.0,2265.0
Less developed: Oceania,60+,402.0,447.0,849.0
Liberia,0-19,1320.0,1270.0,2590.0
Liberia,20-39,737.0,729.0,1466.0
Liberia,40-59,359.0,366.0,725.0
Liberia,60+,116.0,141.0,257.0
Libya,0-19,1265.0,1201.0,2466.0
Libya,20-39,1135.0,1120.0,2255.0
Libya,40-59,844.0,820.0,1664.0
Libya,60+,216.0,252.0,468.0
Lithuania,0-19,278.0,263.0,541.0
Lithuania,20-39,337.0,314.0,651.0
Lithuania,40-59,369.0,404.0,773.0
Lithuania,60+,269.0,472.0,741.0
Low-income countries,0-19,204511.0,199966.0,404477.0
Low-income countries,20-39,112538.0,114722.0,227260.0
Low-income countries,40-59,50154.0,53650.0,103804.0
Low-income countries,60+,17837.0,22309.0,40146.0
Lower-middle-income countries,0-19,618825.0,576725.0,1195550.0
Lower-middle-income countries,20-39,509400.0,480705.0,990105.0
Lower-middle-income countries,40-59,317629.0,312762.0,630391.0
Lower-middle-income countries,60+,133707.0,148462.0,282169.0
Luxembourg,0-19,65.0,62.0,127.0
Luxembourg,20-39,91.0,89.0,180.0
Luxembourg,40-59,95.0,86.0,181.0
Luxembourg,60+,56.0,63.0,119.0
Madagascar,0-19,7107.0,6995.0,14102.0
Madagascar,20-39,4124.0,4141.0,8265.0
Madagascar,40-59,1932.0,1991.0,3923.0
Madagascar,60+,642.0,739.0,1381.0
Malawi,0-19,5232.0,5165.0,10397.0
Malawi,20-39,2781.0,2878.0,5659.0
Malawi,40-59,1089.0,1190.0,2279.0
Malawi,60+,321.0,454.0,775.0
Malaysia,0-19,5281.0,4974.0,10255.0
Malaysia,20-39,5913.0,5504.0,11417.0
Malaysia,40-59,3682.0,3451.0,7133.0
Malaysia,60+,1744.0,1796.0,3540.0
Maldives,0-19,66.0,62.0,128.0
Maldives,20-39,199.0,75.0,274.0
Maldives,40-59,56.0,40.0,96.0
Maldives,60+,13.0,13.0,26.0
Mali,0-19,5979.0,5786.0,11765.0
Mali,20-39,2687.0,2673.0,5360.0
Mali,40-59,1127.0,1204.0,2331.0
Mali,60+,343.0,431.0,774.0
Malta,0-19,42.0,39.0,81.0
Malta,20-39,60.0,56.0,116.0
Malta,40-59,56.0,54.0,110.0
Malta,60+,53.0,62.0,115.0
Martinique,0-19,41.0,39.0,80.0
Martinique,20-39,34.0,37.0,71.0
Martinique,40-59,44.0,58.0,102.0
Martinique,60+,44.0,57.0,101.0
Mauritania,0-19,1174.0,1138.0,2312.0
Mauritania,20-39,711.0,694.0,1405.0
Mauritania,40-59,340.0,347.0,687.0
Mauritania,60+,101.0,128.0,229.0
Mauritius,0-19,156.0,149.0,305.0
Mauritius,20-39,185.0,184.0,369.0
Mauritius,40-59,177.0,177.0,354.0
Mauritius,60+,101.0,125.0,226.0
Mayotte,0-19,67.0,65.0,132.0
Mayotte,20-39,33.0,38.0,71.0
Mayotte,40-59,20.0,20.0,40.0
Mayotte,60+,4.0,6.0,10.0
Melanesia,0-19,2568.0,2409.0,4977.0
Melanesia,20-39,1747.0,1671.0,3418.0
Melanesia,40-59,1007.0,989.0,1996.0
Melanesia,60+,336.0,374.0,710.0
Mexico,0-19,22722.0,21793.0,44515.0
Mexico,20-39,19980.0,20632.0,40612.0
Mexico,40-59,13789.0,15513.0,29302.0
Mexico,60+,6570.0,7914.0,14484.0
Micronesia,0-19,106.0,101.0,207.0
Micronesia,20-39,82.0,78.0,160.0
Micronesia,40-59,56.0,55.0,111.0
Micronesia,60+,25.0,30.0,55.0
Micronesia (Fed. States of),0-19,23.0,20.0,43.0
Micronesia (Fed. States of),20-39,18.0,16.0,34.0
Micronesia (Fed. States of),40-59,9.0,8.0,17.0
Micronesia (Fed. States of),60+,2.0,3.0,5.0
Middle Africa,0-19,50378.0,49727.0,100105.0
Middle Africa,20-39,24800.0,24844.0,49644.0
Middle Africa,40-59,10843.0,11163.0,22006.0
Middle Africa,60+,3590.0,4230.0,7820.0
Middle-income countries,0-19,991586.0,917955.0,1909541.0
Middle-income countries,20-39,914652.0,867053.0,1781705.0
Middle-income countries,40-59,682008.0,678908.0,1360916.0
Middle-income countries,60+,326260.0,374608.0,700868.0
Mongolia,0-19,625.0,610.0,1235.0
Mongolia,20-39,532.0,529.0,1061.0
Mongolia,40-59,351.0,381.0,732.0
Mongolia,60+,96.0,135.0,231.0
Montenegro,0-19,78.0,70.0,148.0
Montenegro,20-39,87.0,81.0,168.0
Montenegro,40-59,78.0,82.0,160.0
Montenegro,60+,59.0,74.0,133.0
More developed regions,0-19,142074.0,135040.0,277114.0
More developed regions,20-39,165282.0,160201.0,325483.0
More developed regions,40-59,169902.0,173811.0,343713.0
More developed regions,60+,143195.0,183780.0,326975.0
More developed: Asia,0-19,11008.0,10434.0,21442.0
More developed: Asia,20-39,13619.0,12980.0,26599.0
More developed: Asia,40-59,17723.0,17287.0,35010.0
More developed: Asia,60+,19390.0,24012.0,43402.0
More developed: Europe,0-19,81134.0,76827.0,157961.0
More developed: Europe,20-39,96151.0,93175.0,189326.0
More developed: Europe,40-59,102277.0,106255.0,208532.0
More developed: Europe,60+,81490.0,110309.0,191799.0
More developed: Northern America,0-19,45990.0,44031.0,90021.0
More developed: Northern America,20-39,51278.0,49888.0,101166.0
More developed: Northern America,40-59,46136.0,46392.0,92528.0
More developed: Northern America,60+,39166.0,45968.0,85134.0
More developed: Oceania,0-19,3936.0,3741.0,7677.0
More developed: Oceania,20-39,4228.0,4152.0,8380.0
More developed: Oceania,40-59,3760.0,3870.0,7630.0
More developed: Oceania,60+,3135.0,3479.0,6614.0
Morocco,0-19,6586.0,6259.0,12845.0
Morocco,20-39,5725.0,5761.0,11486.0
Morocco,40-59,3905.0,4288.0,8193.0
Morocco,60+,2092.0,2277.0,4369.0
Mozambique,0-19,8663.0,8645.0,17308.0
Mozambique,20-39,4347.0,4532.0,8879.0
Mozambique,40-59,1635.0,2050.0,3685.0
Mozambique,60+,532.0,829.0,1361.0
Myanmar,0-19,9519.0,9414.0,18933.0
Myanmar,20-39,8472.0,8759.0,17231.0
Myanmar,40-59,5968.0,6821.0,12789.0
Myanmar,60+,2248.0,3184.0,5432.0
Namibia,0-19,588.0,590.0,1178.0
Namibia,20-39,404.0,421.0,825.0
Namibia,40-59,179.0,205.0,384.0
Namibia,60+,53.0,84.0,137.0
Nepal,0-19,5848.0,5732.0,11580.0
Nepal,20-39,4050.0,5626.0,9676.0
Nepal,40-59,2291.0,3058.0,5349.0
Nepal,60+,1149.0,1365.0,2514.0
Netherlands,0-19,1900.0,1801.0,3701.0
Netherlands,20-39,2130.0,2062.0,4192.0
Netherlands,40-59,2344.0,2327.0,4671.0
Netherlands,60+,2152.0,2397.0,4549.0
Netherlands (and dependencies),0-19,1944.0,1843.0,3787.0
Netherlands (and dependencies),20-39,2171.0,2105.0,4276.0
Netherlands (and dependencies),40-59,2389.0,2379.0,4768.0
Netherlands (and dependencies),60+,2183.0,2440.0,4623.0
New Caledonia,0-19,41.0,39.0,80.0
New Caledonia,20-39,41.0,40.0,81.0
New Caledonia,40-59,36.0,36.0,72.0
New Caledonia,60+,16.0,18.0,34.0
New EU member states (joined since 2004),0-19,10645.0,10105.0,20750.0
New EU member states (joined since 2004),20-39,13753.0,12942.0,26695.0
New EU member states (joined since 2004),40-59,14506.0,14517.0,29023.0
New EU member states (joined since 2004),60+,11278.0,15864.0,27142.0
New Zealand,0-19,634.0,602.0,1236.0
New Zealand,20-39,646.0,641.0,1287.0
New Zealand,40-59,581.0,635.0,1216.0
New Zealand,60+,500.0,564.0,1064.0
New Zealand (and dependencies),0-19,637.0,606.0,1243.0
New Zealand (and dependencies),20-39,648.0,643.0,1291.0
New Zealand (and dependencies),40-59,584.0,637.0,1221.0
New Zealand (and dependencies),60+,502.0,565.0,1067.0
Nicaragua,0-19,1312.0,1241.0,2553.0
Nicaragua,20-39,1113.0,1103.0,2216.0
Nicaragua,40-59,584.0,684.0,1268.0
Nicaragua,60+,245.0,321.0,566.0
Niger,0-19,7456.0,7199.0,14655.0
Niger,20-39,2970.0,3001.0,5971.0
Niger,40-59,1244.0,1328.0,2572.0
Niger,60+,489.0,498.0,987.0
Nigeria,0-19,56974.0,54577.0,111551.0
Nigeria,20-39,29188.0,28354.0,57542.0
Nigeria,40-59,13869.0,13864.0,27733.0
Nigeria,60+,4428.0,4866.0,9294.0
No income group available,0-19,483.0,467.0,950.0
No income group available,20-39,379.0,394.0,773.0
No income group available,40-59,350.0,379.0,729.0
No income group available,60+,215.0,257.0,472.0
Non-Self-Governing Territories,0-19,275.0,264.0,539.0
Non-Self-Governing Territories,20-39,272.0,260.0,532.0
Non-Self-Governing Territories,40-59,225.0,214.0,439.0
Non-Self-Governing Territories,60+,106.0,115.0,221.0
North American Free Trade Agreement (NAFTA),0-19,68699.0,65812.0,134511.0
North American Free Trade Agreement (NAFTA),20-39,71244.0,70505.0,141749.0
North American Free Trade Agreement (NAFTA),40-59,59909.0,61890.0,121799.0
North American Free Trade Agreement (NAFTA),60+,45725.0,53868.0,99593.0
North Atlantic Treaty Organization (NATO),0-19,111546.0,106200.0,217746.0
North Atlantic Treaty Organization (NATO),20-39,125095.0,121288.0,246383.0
North Atlantic Treaty Organization (NATO),40-59,125136.0,126416.0,251552.0
North Atlantic Treaty Organization (NATO),60+,102805.0,125750.0,228555.0
North Macedonia,0-19,235.0,221.0,456.0
North Macedonia,20-39,311.0,295.0,606.0
North Macedonia,40-59,292.0,286.0,578.0
North Macedonia,60+,195.0,229.0,424.0
Northern Africa,0-19,51843.0,49418.0,101261.0
Northern Africa,20-39,38305.0,37681.0,75986.0
Northern Africa,40-59,23272.0,23978.0,47250.0
Northern Africa,60+,10292.0,11421.0,21713.0
Northern Africa and Western Asia,0-19,103832.0,98922.0,202754.0
Northern Africa and Western Asia,20-39,88937.0,80491.0,169428.0
Northern Africa and Western Asia,40-59,55704.0,51549.0,107253.0
Northern Africa and Western Asia,60+,21694.0,24717.0,46411.0
Northern America,0-19,45990.0,44031.0,90021.0
Northern America,20-39,51278.0,49888.0,101166.0
Northern America,40-59,46136.0,46392.0,92528.0
Northern America,60+,39166.0,45968.0,85134.0
Northern Europe,0-19,12507.0,11926.0,24433.0
Northern Europe,20-39,13979.0,13638.0,27617.0
Northern Europe,40-59,13853.0,14028.0,27881.0
Northern Europe,60+,12136.0,14171.0,26307.0
Norway,0-19,643.0,611.0,1254.0
Norway,20-39,753.0,708.0,1461.0
Norway,40-59,739.0,694.0,1433.0
Norway,60+,595.0,656.0,1251.0
Oceania,0-19,6749.0,6379.0,13128.0
Oceania,20-39,6157.0,6001.0,12158.0
Oceania,40-59,4905.0,4995.0,9900.0
Oceania,60+,3541.0,3929.0,7470.0
Oceania (excluding Australia and New Zealand),0-19,2812.0,2636.0,5448.0
Oceania (excluding Australia and New Zealand),20-39,1927.0,1847.0,3774.0
Oceania (excluding Australia and New Zealand),40-59,1143.0,1122.0,2265.0
Oceania (excluding Australia and New Zealand),60+,402.0,447.0,849.0
Oman,0-19,680.0,677.0,1357.0
Oman,20-39,1858.0,663.0,2521.0
Oman,40-59,707.0,291.0,998.0
Oman,60+,114.0,94.0,208.0
Organisation for Economic Co-operation and Development (OECD),0-19,158572.0,151075.0,309647.0
Organisation for Economic Co-operation and Development (OECD),20-39,175048.0,170485.0,345533.0
Organisation for Economic Co-operation and Development (OECD),40-59,172609.0,175123.0,347732.0
Organisation for Economic Co-operation and Development (OECD),60+,140135.0,170401.0,310536.0
Organization for Security and Co-operation in Europe (OSCE),0-19,158628.0,150718.0,309346.0
Organization for Security and Co-operation in Europe (OSCE),20-39,176070.0,171251.0,347321.0
Organization for Security and Co-operation in Europe (OSCE),40-59,168254.0,173813.0,342067.0
Organization for Security and Co-operation in Europe (OSCE),60+,129473.0,168067.0,297540.0
Organization of American States (OAS),0-19,152345.0,146334.0,298679.0
Organization of American States (OAS),20-39,153952.0,152955.0,306907.0
Organization of American States (OAS),40-59,118994.0,124707.0,243701.0
Organization of American States (OAS),60+,76673.0,92138.0,168811.0
Organization of Petroleum Exporting countries (OPEC),0-19,117276.0,112542.0,229818.0
Organization of Petroleum Exporting countries (OPEC),20-39,82809.0,77069.0,159878.0
Organization of Petroleum Exporting countries (OPEC),40-59,49191.0,44789.0,93980.0
Organization of Petroleum Exporting countries (OPEC),60+,16894.0,17553.0,34447.0
Organization of the Islamic Conference (OIC),0-19,416297.0,397912.0,814209.0
Organization of the Islamic Conference (OIC),20-39,304422.0,292207.0,596629.0
Organization of the Islamic Conference (OIC),40-59,179298.0,175298.0,354596.0
Organization of the Islamic Conference (OIC),60+,67768.0,74308.0,142076.0
Pakistan,0-19,51332.0,47554.0,98886.0
Pakistan,20-39,36302.0,34441.0,70743.0
Pakistan,40-59,18488.0,17879.0,36367.0
Pakistan,60+,7539.0,7336.0,14875.0
Panama,0-19,764.0,733.0,1497.0
Panama,20-39,651.0,641.0,1292.0
Panama,40-59,490.0,495.0,985.0
Panama,60+,244.0,276.0,520.0
Papua New Guinea,0-19,2099.0,1965.0,4064.0
Papua New Guinea,20-39,1420.0,1351.0,2771.0
Papua New Guinea,40-59,790.0,774.0,1564.0
Papua New Guinea,60+,249.0,278.0,527.0
Paraguay,0-19,1388.0,1328.0,2716.0
Paraguay,20-39,1239.0,1187.0,2426.0
Paraguay,40-59,646.0,625.0,1271.0
Paraguay,60+,341.0,359.0,700.0
Peru,0-19,5264.0,5311.0,10575.0
Peru,20-39,5250.0,5353.0,10603.0
Peru,40-59,3884.0,3772.0,7656.0
Peru,60+,1969.0,2147.0,4116.0
Philippines,0-19,22281.0,21099.0,43380.0
Philippines,20-39,17808.0,17274.0,35082.0
Philippines,40-59,10793.0,10881.0,21674.0
Philippines,60+,4136.0,5289.0,9425.0
Poland,0-19,3832.0,3658.0,7490.0
Poland,20-39,5374.0,5059.0,10433.0
Poland,40-59,5031.0,5063.0,10094.0
Poland,60+,4091.0,5718.0,9809.0
Polynesia,0-19,133.0,124.0,257.0
Polynesia,20-39,95.0,94.0,189.0
Polynesia,40-59,74.0,73.0,147.0
Polynesia,60+,34.0,35.0,69.0
Portugal,0-19,950.0,902.0,1852.0
Portugal,20-39,1121.0,1162.0,2283.0
Portugal,40-59,1460.0,1594.0,3054.0
Portugal,60+,1282.0,1703.0,2985.0
Puerto Rico,0-19,329.0,302.0,631.0
Puerto Rico,20-39,315.0,302.0,617.0
Puerto Rico,40-59,373.0,436.0,809.0
Puerto Rico,60+,328.0,454.0,782.0
Qatar,0-19,258.0,236.0,494.0
Qatar,20-39,1259.0,302.0,1561.0
Qatar,40-59,564.0,149.0,713.0
Qatar,60+,76.0,20.0,96.0
Republic of Korea,0-19,4595.0,4308.0,8903.0
Republic of Korea,20-39,7260.0,6532.0,13792.0
Republic of Korea,40-59,8451.0,8241.0,16692.0
Republic of Korea,60+,5346.0,6513.0,11859.0
Republic of Moldova,0-19,432.0,407.0,839.0
Republic of Moldova,20-39,682.0,659.0,1341.0
Republic of Moldova,40-59,513.0,566.0,1079.0
Republic of Moldova,60+,295.0,460.0,755.0
Romania,0-19,2044.0,1933.0,3977.0
Romania,20-39,2426.0,2242.0,4668.0
Romania,40-59,2801.0,2791.0,5592.0
Romania,60+,2073.0,2906.0,4979.0
Russian Federation,0-19,17370.0,16504.0,33874.0
Russian Federation,20-39,20159.0,19913.0,40072.0
Russian Federation,40-59,18389.0,20878.0,39267.0
Russian Federation,60+,11709.0,20988.0,32697.0
Rwanda,0-19,3237.0,3226.0,6463.0
Rwanda,20-39,1962.0,2057.0,4019.0
Rwanda,40-59,871.0,923.0,1794.0
Rwanda,60+,288.0,368.0,656.0
Réunion,0-19,136.0,131.0,267.0
Réunion,20-39,102.0,111.0,213.0
Réunion,40-59,113.0,125.0,238.0
Réunion,60+,71.0,84.0,155.0
"SIDS Atlantic, and Indian Ocean, Mediterranean and South China Sea (AIMS)",0-19,2520.0,2420.0,4940.0
"SIDS Atlantic, and Indian Ocean, Mediterranean and South China Sea (AIMS)",20-39,2956.0,2353.0,5309.0
"SIDS Atlantic, and Indian Ocean, Mediterranean and South China Sea (AIMS)",40-59,2071.0,1829.0,3900.0
"SIDS Atlantic, and Indian Ocean, Mediterranean and South China Sea (AIMS)",60+,1000.0,1057.0,2057.0
SIDS Caribbean,0-19,7073.0,6794.0,13867.0
SIDS Caribbean,20-39,6444.0,6406.0,12850.0
SIDS Caribbean,40-59,4998.0,5310.0,10308.0
SIDS Caribbean,60+,2956.0,3506.0,6462.0
SIDS Pacific,0-19,2810.0,2634.0,5444.0
SIDS Pacific,20-39,1926.0,1845.0,3771.0
SIDS Pacific,40-59,1141.0,1120.0,2261.0
SIDS Pacific,60+,401.0,443.0,844.0
Saint Lucia,0-19,21.0,21.0,42.0
Saint Lucia,20-39,28.0,29.0,57.0
Saint Lucia,40-59,23.0,23.0,46.0
Saint Lucia,60+,10.0,11.0,21.0
Saint Vincent and the Grenadines,0-19,15.0,15.0,30.0
Saint Vincent and the Grenadines,20-39,15.0,14.0,29.0
Saint Vincent and the Grenadines,40-59,12.0,12.0,24.0
Saint Vincent and the Grenadines,60+,4.0,4.0,8.0
Samoa,0-19,47.0,42.0,89.0
Samoa,20-39,26.0,22.0,48.0
Samoa,40-59,17.0,15.0,32.0
Samoa,60+,4.0,6.0,10.0
Sao Tome and Principe,0-19,57.0,56.0,113.0
Sao Tome and Principe,20-39,29.0,28.0,57.0
Sao Tome and Principe,40-59,13.0,13.0,26.0
Sao Tome and Principe,60+,3.0,3.0,6.0
Saudi Arabia,0-19,5488.0,5323.0,10811.0
Saudi Arabia,20-39,7120.0,5211.0,12331.0
Saudi Arabia,40-59,6336.0,3284.0,9620.0
Saudi Arabia,60+,1176.0,855.0,2031.0
Senegal,0-19,4501.0,4390.0,8891.0
Senegal,20-39,2367.0,2504.0,4871.0
Senegal,40-59,958.0,1205.0,2163.0
Senegal,60+,336.0,463.0,799.0
Serbia,0-19,956.0,895.0,1851.0
Serbia,20-39,1186.0,1127.0,2313.0
Serbia,40-59,1157.0,1191.0,2348.0
Serbia,60+,969.0,1236.0,2205.0
Seychelles,0-19,14.0,12.0,26.0
Seychelles,20-39,13.0,12.0,25.0
Seychelles,40-59,12.0,12.0,24.0
Seychelles,60+,3.0,3.0,6.0
Shanghai Cooperation Organization (SCO),0-19,518235.0,464622.0,982857.0
Shanghai Cooperation Organization (SCO),20-39,523022.0,479540.0,1002562.0
Shanghai Cooperation Organization (SCO),40-59,419214.0,406692.0,825906.0
Shanghai Cooperation Organization (SCO),60+,210021.0,233093.0,443114.0
Sierra Leone,0-19,2048.0,2039.0,4087.0
Sierra Leone,20-39,1223.0,1195.0,2418.0
Sierra Leone,40-59,542.0,547.0,1089.0
Sierra Leone,60+,159.0,204.0,363.0
Singapore,0-19,506.0,476.0,982.0
Singapore,20-39,924.0,803.0,1727.0
Singapore,40-59,1011.0,894.0,1905.0
Singapore,60+,612.0,606.0,1218.0
Slovakia,0-19,567.0,541.0,1108.0
Slovakia,20-39,768.0,731.0,1499.0
Slovakia,40-59,786.0,780.0,1566.0
Slovakia,60+,528.0,738.0,1266.0
Slovenia,0-19,208.0,195.0,403.0
Slovenia,20-39,251.0,234.0,485.0
Slovenia,40-59,311.0,291.0,602.0
Slovenia,60+,255.0,313.0,568.0
Small Island Developing States (SIDS),0-19,12407.0,11853.0,24260.0
Small Island Developing States (SIDS),20-39,11330.0,10608.0,21938.0
Small Island Developing States (SIDS),40-59,8215.0,8264.0,16479.0
Small Island Developing States (SIDS),60+,4364.0,5015.0,9379.0
Solomon Islands,0-19,176.0,166.0,342.0
Solomon Islands,20-39,96.0,94.0,190.0
Solomon Islands,40-59,52.0,53.0,105.0
Solomon Islands,60+,16.0,16.0,32.0
Somalia,0-19,4602.0,4546.0,9148.0
Somalia,20-39,2102.0,2123.0,4225.0
Somalia,40-59,864.0,921.0,1785.0
Somalia,60+,348.0,368.0,716.0
South Africa,0-19,11107.0,10883.0,21990.0
South Africa,20-39,10217.0,10076.0,20293.0
South Africa,40-59,5795.0,6156.0,11951.0
South Africa,60+,2087.0,2968.0,5055.0
South America,0-19,66951.0,64507.0,131458.0
South America,20-39,68458.0,68135.0,136593.0
South America,40-59,50290.0,53202.0,103492.0
South America,60+,26372.0,32823.0,59195.0
South Asian Association for Regional Cooperation (SAARC),0-19,358049.0,327170.0,685219.0
South Asian Association for Regional Cooperation (SAARC),20-39,317255.0,292842.0,610097.0
South Asian Association for Regional Cooperation (SAARC),40-59,196783.0,188874.0,385657.0
South Asian Association for Regional Cooperation (SAARC),60+,86279.0,89100.0,175379.0
South Sudan,0-19,2946.0,2877.0,5823.0
South Sudan,20-39,1650.0,1644.0,3294.0
South Sudan,40-59,734.0,755.0,1489.0
South Sudan,60+,264.0,305.0,569.0
South-Eastern Asia,0-19,114679.0,108586.0,223265.0
South-Eastern Asia,20-39,105960.0,103704.0,209664.0
South-Eastern Asia,40-59,79746.0,81473.0,161219.0
South-Eastern Asia,60+,33537.0,40914.0,74451.0
Southern Africa,0-19,12948.0,12707.0,25655.0
Southern Africa,20-39,11551.0,11436.0,22987.0
Southern Africa,40-59,6412.0,6842.0,13254.0
Southern Africa,60+,2294.0,3295.0,5589.0
Southern African Development Community (SADC),0-19,94689.0,93354.0,188043.0
Southern African Development Community (SADC),20-39,52652.0,53481.0,106133.0
Southern African Development Community (SADC),40-59,24379.0,25995.0,50374.0
Southern African Development Community (SADC),60+,8055.0,10603.0,18658.0
Southern Asia,0-19,371545.0,339989.0,711534.0
Southern Asia,20-39,331772.0,307409.0,639181.0
Southern Asia,40-59,206809.0,198799.0,405608.0
Southern Asia,60+,90650.0,93376.0,184026.0
Southern Common Market (MERCOSUR),0-19,47658.0,45746.0,93404.0
Southern Common Market (MERCOSUR),20-39,48739.0,48518.0,97257.0
Southern Common Market (MERCOSUR),40-59,36296.0,38559.0,74855.0
Southern Common Market (MERCOSUR),60+,18926.0,24007.0,42933.0
Southern Europe,0-19,14753.0,13869.0,28622.0
Southern Europe,20-39,17687.0,17092.0,34779.0
Southern Europe,40-59,23036.0,23332.0,46368.0
Southern Europe,60+,18884.0,23543.0,42427.0
Spain,0-19,4621.0,4345.0,8966.0
Spain,20-39,5310.0,5205.0,10515.0
Spain,40-59,7550.0,7431.0,14981.0
Spain,60+,5485.0,6785.0,12270.0
Sri Lanka,0-19,3394.0,3339.0,6733.0
Sri Lanka,20-39,2720.0,2997.0,5717.0
Sri Lanka,40-59,2617.0,2814.0,5431.0
Sri Lanka,60+,1526.0,1985.0,3511.0
State of Palestine,0-19,1261.0,1209.0,2470.0
State of Palestine,20-39,827.0,799.0,1626.0
State of Palestine,40-59,373.0,368.0,741.0
State of Palestine,60+,117.0,129.0,246.0
Sub-Saharan Africa,0-19,292264.0,285562.0,577826.0
Sub-Saharan Africa,20-39,159140.0,159461.0,318601.0
Sub-Saharan Africa,40-59,71271.0,74481.0,145752.0
Sub-Saharan Africa,60+,23471.0,28696.0,52167.0
Sudan,0-19,11273.0,10975.0,22248.0
Sudan,20-39,6413.0,6412.0,12825.0
Sudan,40-59,3046.0,3230.0,6276.0
Sudan,60+,1164.0,1313.0,2477.0
Suriname,0-19,106.0,98.0,204.0
Suriname,20-39,89.0,86.0,175.0
Suriname,40-59,66.0,67.0,133.0
Suriname,60+,23.0,32.0,55.0
Sweden,0-19,1190.0,1128.0,2318.0
Sweden,20-39,1326.0,1266.0,2592.0
Sweden,40-59,1297.0,1259.0,2556.0
Sweden,60+,1236.0,1375.0,2611.0
Switzerland,0-19,878.0,837.0,1715.0
Switzerland,20-39,1140.0,1115.0,2255.0
Switzerland,40-59,1251.0,1232.0,2483.0
Switzerland,60+,1014.0,1165.0,2179.0
Syrian Arab Republic,0-19,3548.0,3409.0,6957.0
Syrian Arab Republic,20-39,3041.0,2964.0,6005.0
Syrian Arab Republic,40-59,1557.0,1653.0,3210.0
Syrian Arab Republic,60+,606.0,704.0,1310.0
Tajikistan,0-19,2240.0,2122.0,4362.0
Tajikistan,20-39,1530.0,1505.0,3035.0
Tajikistan,40-59,772.0,807.0,1579.0
Tajikistan,60+,255.0,287.0,542.0
Thailand,0-19,8187.0,7741.0,15928.0
Thailand,20-39,9468.0,9387.0,18855.0
Thailand,40-59,10323.0,11269.0,21592.0
Thailand,60+,5977.0,7427.0,13404.0
Timor-Leste,0-19,323.0,312.0,635.0
Timor-Leste,20-39,203.0,197.0,400.0
Timor-Leste,40-59,94.0,91.0,185.0
Timor-Leste,60+,38.0,44.0,82.0
Togo,0-19,2132.0,2119.0,4251.0
Togo,20-39,1219.0,1217.0,2436.0
Togo,40-59,582.0,610.0,1192.0
Togo,60+,176.0,205.0,381.0
Tonga,0-19,23.0,21.0,44.0
Tonga,20-39,12.0,13.0,25.0
Tonga,40-59,7.0,7.0,14.0
Tonga,60+,2.0,2.0,4.0
Trinidad and Tobago,0-19,185.0,181.0,366.0
Trinidad and Tobago,20-39,211.0,211.0,422.0
Trinidad and Tobago,40-59,178.0,184.0,362.0
Trinidad and Tobago,60+,104.0,123.0,227.0
Tunisia,0-19,1886.0,1769.0,3655.0
Tunisia,20-39,1816.0,1820.0,3636.0
Tunisia,40-59,1418.0,1511.0,2929.0
Tunisia,60+,732.0,850.0,1582.0
Turkey,0-19,13808.0,13202.0,27010.0
Turkey,20-39,13099.0,12846.0,25945.0
Turkey,40-59,9942.0,10408.0,20350.0
Turkey,60+,4774.0,6236.0,11010.0
Turkmenistan,0-19,1184.0,1153.0,2337.0
Turkmenistan,20-39,984.0,982.0,1966.0
Turkmenistan,40-59,591.0,640.0,1231.0
Turkmenistan,60+,204.0,279.0,483.0
UN-ECE: member countries,0-19,159579.0,151603.0,311182.0
UN-ECE: member countries,20-39,176714.0,171863.0,348577.0
UN-ECE: member countries,40-59,168805.0,174360.0,343165.0
UN-ECE: member countries,60+,130019.0,168708.0,298727.0
UNFPA Regions,0-19,1188142.0,1110570.0,2298712.0
UNFPA Regions,20-39,1016824.0,970549.0,1987373.0
UNFPA Regions,40-59,719176.0,717175.0,1436351.0
UNFPA Regions,60+,334762.0,378752.0,713514.0
UNFPA: Arab States (AS),0-19,82909.0,79253.0,162162.0
UNFPA: Arab States (AS),20-39,60314.0,58111.0,118425.0
UNFPA: Arab States (AS),40-59,33588.0,34022.0,67610.0
UNFPA: Arab States (AS),60+,13734.0,15350.0,29084.0
UNFPA: Asia and the Pacific (AP),0-19,672758.0,611617.0,1284375.0
UNFPA: Asia and the Pacific (AP),20-39,658504.0,614610.0,1273114.0
UNFPA: Asia and the Pacific (AP),40-59,513287.0,499931.0,1013218.0
UNFPA: Asia and the Pacific (AP),60+,245201.0,266651.0,511852.0
UNFPA: East and Southern Africa (ESA),0-19,161638.0,159031.0,320669.0
UNFPA: East and Southern Africa (ESA),20-39,90977.0,92321.0,183298.0
UNFPA: East and Southern Africa (ESA),40-59,40194.0,42573.0,82767.0
UNFPA: East and Southern Africa (ESA),60+,13344.0,17090.0,30434.0
UNFPA: Eastern Europe and Central Asia (EECA),0-19,38794.0,36693.0,75487.0
UNFPA: Eastern Europe and Central Asia (EECA),20-39,38545.0,37660.0,76205.0
UNFPA: Eastern Europe and Central Asia (EECA),40-59,29198.0,31501.0,60699.0
UNFPA: Eastern Europe and Central Asia (EECA),60+,15247.0,22304.0,37551.0
UNFPA: Latin America and the Caribbean (LAC),0-19,106433.0,102378.0,208811.0
UNFPA: Latin America and the Caribbean (LAC),20-39,102753.0,103150.0,205903.0
UNFPA: Latin America and the Caribbean (LAC),40-59,72945.0,78413.0,151358.0
UNFPA: Latin America and the Caribbean (LAC),60+,37565.0,46246.0,83811.0
UNFPA: West and Central Africa (WCA),0-19,125598.0,121586.0,247184.0
UNFPA: West and Central Africa (WCA),20-39,65720.0,64687.0,130407.0
UNFPA: West and Central Africa (WCA),40-59,29953.0,30725.0,60678.0
UNFPA: West and Central Africa (WCA),60+,9646.0,11088.0,20734.0
UNICEF PROGRAMME REGIONS,0-19,1198614.0,1120539.0,2319153.0
UNICEF PROGRAMME REGIONS,20-39,1034044.0,981584.0,2015628.0
UNICEF PROGRAMME REGIONS,40-59,733326.0,726009.0,1459335.0
UNICEF PROGRAMME REGIONS,60+,339755.0,384443.0,724198.0
UNICEF Programme Regions: East Asia and Pacific (EAPRO),0-19,301211.0,271626.0,572837.0
UNICEF Programme Regions: East Asia and Pacific (EAPRO),20-39,326731.0,307198.0,633929.0
UNICEF Programme Regions: East Asia and Pacific (EAPRO),40-59,306475.0,301130.0,607605.0
UNICEF Programme Regions: East Asia and Pacific (EAPRO),60+,154546.0,173270.0,327816.0
UNICEF Programme Regions: Eastern Caribbean,0-19,321.0,311.0,632.0
UNICEF Programme Regions: Eastern Caribbean,20-39,364.0,362.0,726.0
UNICEF Programme Regions: Eastern Caribbean,40-59,308.0,321.0,629.0
UNICEF Programme Regions: Eastern Caribbean,60+,186.0,217.0,403.0
UNICEF Programme Regions: Eastern and Southern Africa (ESARO),0-19,140639.0,138389.0,279028.0
UNICEF Programme Regions: Eastern and Southern Africa (ESARO),20-39,80952.0,82271.0,163223.0
UNICEF Programme Regions: Eastern and Southern Africa (ESARO),40-59,35497.0,37750.0,73247.0
UNICEF Programme Regions: Eastern and Southern Africa (ESARO),60+,11653.0,15080.0,26733.0
UNICEF Programme Regions: Europe and Central Asia (CEECIS),0-19,42015.0,39734.0,81749.0
UNICEF Programme Regions: Europe and Central Asia (CEECIS),20-39,42430.0,41280.0,83710.0
UNICEF Programme Regions: Europe and Central Asia (CEECIS),40-59,33663.0,35941.0,69604.0
UNICEF Programme Regions: Europe and Central Asia (CEECIS),60+,18694.0,27107.0,45801.0
UNICEF Programme Regions: Latin America,0-19,105998.0,101956.0,207954.0
UNICEF Programme Regions: Latin America,20-39,102276.0,102670.0,204946.0
UNICEF Programme Regions: Latin America,40-59,72526.0,77965.0,150491.0
UNICEF Programme Regions: Latin America,60+,37314.0,45943.0,83257.0
UNICEF Programme Regions: Latin America and Caribbean (LACRO),0-19,106321.0,102268.0,208589.0
UNICEF Programme Regions: Latin America and Caribbean (LACRO),20-39,102640.0,103033.0,205673.0
UNICEF Programme Regions: Latin America and Caribbean (LACRO),40-59,72837.0,78289.0,151126.0
UNICEF Programme Regions: Latin America and Caribbean (LACRO),60+,37502.0,46162.0,83664.0
UNICEF Programme Regions: Middle East and North Africa (MENARO),0-19,99324.0,94711.0,194035.0
UNICEF Programme Regions: Middle East and North Africa (MENARO),20-39,86363.0,78271.0,164634.0
UNICEF Programme Regions: Middle East and North Africa (MENARO),40-59,52721.0,47722.0,100443.0
UNICEF Programme Regions: Middle East and North Africa (MENARO),60+,19469.0,20357.0,39826.0
UNICEF Programme Regions: South Asia (ROSA),0-19,358049.0,327170.0,685219.0
UNICEF Programme Regions: South Asia (ROSA),20-39,317255.0,292842.0,610097.0
UNICEF Programme Regions: South Asia (ROSA),40-59,196783.0,188874.0,385657.0
UNICEF Programme Regions: South Asia (ROSA),60+,86279.0,89100.0,175379.0
UNICEF Programme Regions: West and Central Africa (WCARO),0-19,151046.0,146627.0,297673.0
UNICEF Programme Regions: West and Central Africa (WCARO),20-39,77662.0,76677.0,154339.0
UNICEF Programme Regions: West and Central Africa (WCARO),40-59,35339.0,36292.0,71631.0
UNICEF Programme Regions: West and Central Africa (WCARO),60+,11582.0,13341.0,24923.0
UNICEF REGIONS,0-19,1340498.0,1255342.0,2595840.0
UNICEF REGIONS,20-39,1200028.0,1142396.0,2342424.0
UNICEF REGIONS,40-59,905445.0,901327.0,1806772.0
UNICEF REGIONS,60+,483990.0,565748.0,1049738.0
UNICEF Regions: East Asia and Pacific,0-19,324369.0,293456.0,617825.0
UNICEF Regions: East Asia and Pacific,20-39,357357.0,336355.0,693712.0
UNICEF Regions: East Asia and Pacific,40-59,342358.0,336823.0,679181.0
UNICEF Regions: East Asia and Pacific,60+,186674.0,211972.0,398646.0
UNICEF Regions: Eastern Europe and Central Asia,0-19,59387.0,56242.0,115629.0
UNICEF Regions: Eastern Europe and Central Asia,20-39,62591.0,61195.0,123786.0
UNICEF Regions: Eastern Europe and Central Asia,40-59,52056.0,56821.0,108877.0
UNICEF Regions: Eastern Europe and Central Asia,60+,30408.0,48100.0,78508.0
UNICEF Regions: Eastern and Southern Africa,0-19,152491.0,149911.0,302402.0
UNICEF Regions: Eastern and Southern Africa,20-39,87890.0,89196.0,177086.0
UNICEF Regions: Eastern and Southern Africa,40-59,38978.0,41417.0,80395.0
UNICEF Regions: Eastern and Southern Africa,60+,13050.0,16669.0,29719.0
UNICEF Regions: Europe and Central Asia,0-19,112062.0,106123.0,218185.0
UNICEF Regions: Europe and Central Asia,20-39,124315.0,120889.0,245204.0
UNICEF Regions: Europe and Central Asia,40-59,121828.0,127101.0,248929.0
UNICEF Regions: Europe and Central Asia,60+,90256.0,122018.0,212274.0
UNICEF Regions: Latin America and Caribbean,0-19,106941.0,102854.0,209795.0
UNICEF Regions: Latin America and Caribbean,20-39,103197.0,103596.0,206793.0
UNICEF Regions: Latin America and Caribbean,40-59,73462.0,79022.0,152484.0
UNICEF Regions: Latin America and Caribbean,60+,38016.0,46855.0,84871.0
UNICEF Regions: Middle East and North Africa,0-19,89535.0,85157.0,174692.0
UNICEF Regions: Middle East and North Africa,20-39,81057.0,72941.0,153998.0
UNICEF Regions: Middle East and North Africa,40-59,50546.0,45388.0,95934.0
UNICEF Regions: Middle East and North Africa,60+,18932.0,19795.0,38727.0
UNICEF Regions: North America,0-19,45990.0,44031.0,90021.0
UNICEF Regions: North America,20-39,51278.0,49888.0,101166.0
UNICEF Regions: North America,40-59,46136.0,46392.0,92528.0
UNICEF Regions: North America,60+,39166.0,45968.0,85134.0
UNICEF Regions: South Asia,0-19,358049.0,327170.0,685219.0
UNICEF Regions: South Asia,20-39,317255.0,292842.0,610097.0
UNICEF Regions: South Asia,40-59,196783.0,188874.0,385657.0
UNICEF Regions: South Asia,60+,86279.0,89100.0,175379.0
UNICEF Regions: Sub-Saharan Africa,0-19,303538.0,296540.0,600078.0
UNICEF Regions: Sub-Saharan Africa,20-39,165556.0,165875.0,331431.0
UNICEF Regions: Sub-Saharan Africa,40-59,74320.0,77712.0,152032.0
UNICEF Regions: Sub-Saharan Africa,60+,24638.0,30015.0,54653.0
UNICEF Regions: West and Central Africa,0-19,151046.0,146627.0,297673.0
UNICEF Regions: West and Central Africa,20-39,77662.0,76677.0,154339.0
UNICEF Regions: West and Central Africa,40-59,35339.0,36293.0,71632.0
UNICEF Regions: West and Central Africa,60+,11584.0,13342.0,24926.0
UNICEF Regions: Western Europe,0-19,52673.0,49880.0,102553.0
UNICEF Regions: Western Europe,20-39,61722.0,59692.0,121414.0
UNICEF Regions: Western Europe,40-59,69769.0,70279.0,140048.0
UNICEF Regions: Western Europe,60+,59844.0,73914.0,133758.0
UNITED NATIONS Regional Groups of Member States,0-19,1339127.0,1254027.0,2593154.0
UNITED NATIONS Regional Groups of Member States,20-39,1199088.0,1141494.0,2340582.0
UNITED NATIONS Regional Groups of Member States,40-59,904997.0,900895.0,1805892.0
UNITED NATIONS Regional Groups of Member States,60+,483852.0,565597.0,1049449.0
Uganda,0-19,13254.0,13047.0,26301.0
Uganda,20-39,6278.0,6692.0,12970.0
Uganda,40-59,2393.0,2590.0,4983.0
Uganda,60+,614.0,855.0,1469.0
Ukraine,0-19,4619.0,4351.0,8970.0
Ukraine,20-39,6160.0,5942.0,12102.0
Ukraine,40-59,5778.0,6531.0,12309.0
Ukraine,60+,3694.0,6635.0,10329.0
United Arab Emirates,0-19,946.0,905.0,1851.0
United Arab Emirates,20-39,3856.0,1458.0,5314.0
United Arab Emirates,40-59,1801.0,601.0,2402.0
United Arab Emirates,60+,223.0,81.0,304.0
United Kingdom,0-19,8019.0,7664.0,15683.0
United Kingdom,20-39,8987.0,8862.0,17849.0
United Kingdom,40-59,8789.0,8985.0,17774.0
United Kingdom,60+,7737.0,8820.0,16557.0
United Kingdom (and dependencies),0-19,8077.0,7719.0,15796.0
United Kingdom (and dependencies),20-39,9053.0,8929.0,17982.0
United Kingdom (and dependencies),40-59,8864.0,9062.0,17926.0
United Kingdom (and dependencies),60+,7793.0,8885.0,16678.0
United Nations Economic Commission for Africa (UN-ECA),0-19,343795.0,334677.0,678472.0
United Nations Economic Commission for Africa (UN-ECA),20-39,197193.0,196889.0,394082.0
United Nations Economic Commission for Africa (UN-ECA),40-59,94334.0,98248.0,192582.0
United Nations Economic Commission for Africa (UN-ECA),60+,33661.0,40007.0,73668.0
United Nations Economic Commission for Latin America and the Caribbean (UN-ECLAC),0-19,106941.0,102853.0,209794.0
United Nations Economic Commission for Latin America and the Caribbean (UN-ECLAC),20-39,103197.0,103594.0,206791.0
United Nations Economic Commission for Latin America and the Caribbean (UN-ECLAC),40-59,73461.0,79022.0,152483.0
United Nations Economic Commission for Latin America and the Caribbean (UN-ECLAC),60+,38015.0,46854.0,84869.0
United Nations Economic and Social Commission for Asia and the Pacific (UN-ESCAP) Regions,0-19,741870.0,677077.0,1418947.0
United Nations Economic and Social Commission for Asia and the Pacific (UN-ESCAP) Regions,20-39,733853.0,687947.0,1421800.0
United Nations Economic and Social Commission for Asia and the Pacific (UN-ESCAP) Regions,40-59,583291.0,573409.0,1156700.0
United Nations Economic and Social Commission for Asia and the Pacific (UN-ESCAP) Regions,60+,295141.0,335024.0,630165.0
United Nations Member States,0-19,1339127.0,1254027.0,2593154.0
United Nations Member States,20-39,1199088.0,1141494.0,2340582.0
United Nations Member States,40-59,904997.0,900895.0,1805892.0
United Nations Member States,60+,483852.0,565597.0,1049449.0
United Republic of Tanzania,0-19,16396.0,16052.0,32448.0
United Republic of Tanzania,20-39,8504.0,8501.0,17005.0
United Republic of Tanzania,40-59,3831.0,3912.0,7743.0
United Republic of Tanzania,60+,1110.0,1409.0,2519.0
United States Virgin Islands,0-19,12.0,11.0,23.0
United States Virgin Islands,20-39,10.0,10.0,20.0
United States Virgin Islands,40-59,10.0,12.0,22.0
United States Virgin Islands,60+,9.0,12.0,21.0
United States of America,0-19,41912.0,40138.0,82050.0
United States of America,20-39,46026.0,44731.0,90757.0
United States of America,40-59,41108.0,41358.0,82466.0
United States of America,60+,34730.0,40979.0,75709.0
United States of America (and dependencies),0-19,42304.0,40501.0,82805.0
United States of America (and dependencies),20-39,46393.0,45085.0,91478.0
United States of America (and dependencies),40-59,41531.0,41844.0,83375.0
United States of America (and dependencies),60+,35095.0,41473.0,76568.0
Upper-middle-income countries,0-19,372758.0,341230.0,713988.0
Upper-middle-income countries,20-39,405251.0,386345.0,791596.0
Upper-middle-income countries,40-59,364378.0,366143.0,730521.0
Upper-middle-income countries,60+,192549.0,226142.0,418691.0
Uruguay,0-19,484.0,463.0,947.0
Uruguay,20-39,489.0,478.0,967.0
Uruguay,40-59,410.0,431.0,841.0
Uruguay,60+,285.0,411.0,696.0
Uzbekistan,0-19,6245.0,5925.0,12170.0
Uzbekistan,20-39,5822.0,5698.0,11520.0
Uzbekistan,40-59,3379.0,3616.0,6995.0
Uzbekistan,60+,1239.0,1524.0,2763.0
Vanuatu,0-19,75.0,69.0,144.0
Vanuatu,20-39,42.0,46.0,88.0
Vanuatu,40-59,23.0,23.0,46.0
Vanuatu,60+,6.0,6.0,12.0
Venezuela (Bolivarian Republic of),0-19,5230.0,5019.0,10249.0
Venezuela (Bolivarian Republic of),20-39,4017.0,4137.0,8154.0
Venezuela (Bolivarian Republic of),40-59,3174.0,3402.0,6576.0
Venezuela (Bolivarian Republic of),60+,1552.0,1883.0,3435.0
Viet Nam,0-19,15266.0,13808.0,29074.0
Viet Nam,20-39,16056.0,15531.0,31587.0
Viet Nam,40-59,12228.0,12451.0,24679.0
Viet Nam,60+,5037.0,6943.0,11980.0
WB region: East Asia and Pacific (excluding high income),0-19,301217.0,271633.0,572850.0
WB region: East Asia and Pacific (excluding high income),20-39,326733.0,307201.0,633934.0
WB region: East Asia and Pacific (excluding high income),40-59,306476.0,301130.0,607606.0
WB region: East Asia and Pacific (excluding high income),60+,154546.0,173270.0,327816.0
WB region: Europe and Central Asia (excluding high income),0-19,58979.0,55856.0,114835.0
WB region: Europe and Central Asia (excluding high income),20-39,62075.0,60699.0,122774.0
WB region: Europe and Central Asia (excluding high income),40-59,51491.0,56248.0,107739.0
WB region: Europe and Central Asia (excluding high income),60+,29920.0,47426.0,77346.0
WB region: Latin America and Caribbean (excluding high income),0-19,94886.0,91243.0,186129.0
WB region: Latin America and Caribbean (excluding high income),20-39,91450.0,92002.0,183452.0
WB region: Latin America and Caribbean (excluding high income),40-59,64347.0,69345.0,133692.0
WB region: Latin America and Caribbean (excluding high income),60+,32358.0,39396.0,71754.0
WB region: Middle East and North Africa (excluding high income),0-19,79842.0,75865.0,155707.0
WB region: Middle East and North Africa (excluding high income),20-39,64450.0,63474.0,127924.0
WB region: Middle East and North Africa (excluding high income),40-59,38993.0,39499.0,78492.0
WB region: Middle East and North Africa (excluding high income),60+,16465.0,17836.0,34301.0
WB region: South Asia (excluding high income),0-19,358049.0,327170.0,685219.0
WB region: South Asia (excluding high income),20-39,317255.0,292842.0,610097.0
WB region: South Asia (excluding high income),40-59,196783.0,188874.0,385657.0
WB region: South Asia (excluding high income),60+,86279.0,89100.0,175379.0
WB region: Sub-Saharan Africa (excluding high income),0-19,303117.0,296147.0,599264.0
WB region: Sub-Saharan Africa (excluding high income),20-39,165219.0,165548.0,330767.0
WB region: Sub-Saharan Africa (excluding high income),40-59,74062.0,77454.0,151516.0
WB region: Sub-Saharan Africa (excluding high income),60+,24512.0,29872.0,54384.0
WHO Regions,0-19,1335253.0,1250435.0,2585688.0
WHO Regions,20-39,1193860.0,1136150.0,2330010.0
WHO Regions,40-59,899330.0,894646.0,1793976.0
WHO Regions,60+,479607.0,560710.0,1040317.0
WHO: African region (AFRO),0-19,295626.0,288669.0,584295.0
WHO: African region (AFRO),20-39,163718.0,163868.0,327586.0
WHO: African region (AFRO),40-59,74785.0,77941.0,152726.0
WHO: African region (AFRO),60+,25156.0,30376.0,55532.0
WHO: Americas (AMRO),0-19,152345.0,146334.0,298679.0
WHO: Americas (AMRO),20-39,153952.0,152955.0,306907.0
WHO: Americas (AMRO),40-59,118994.0,124707.0,243701.0
WHO: Americas (AMRO),60+,76673.0,92138.0,168811.0
WHO: Eastern Mediterranean Region (EMRO),0-19,156336.0,147769.0,304105.0
WHO: Eastern Mediterranean Region (EMRO),20-39,122933.0,112767.0,235700.0
WHO: Eastern Mediterranean Region (EMRO),40-59,69567.0,63846.0,133413.0
WHO: Eastern Mediterranean Region (EMRO),60+,25872.0,26609.0,52481.0
WHO: European Region (EURO),0-19,113599.0,107579.0,221178.0
WHO: European Region (EURO),20-39,125445.0,121985.0,247430.0
WHO: European Region (EURO),40-59,122679.0,127977.0,250656.0
WHO: European Region (EURO),60+,90858.0,122746.0,213604.0
WHO: South-East Asia region (SEARO),0-19,365935.0,336245.0,702180.0
WHO: South-East Asia region (SEARO),20-39,339766.0,316822.0,656588.0
WHO: South-East Asia region (SEARO),40-59,229459.0,223942.0,453401.0
WHO: South-East Asia region (SEARO),60+,100735.0,108460.0,209195.0
WHO: Western Pacific region (WPRO),0-19,251401.0,223827.0,475228.0
WHO: Western Pacific region (WPRO),20-39,288036.0,267745.0,555781.0
WHO: Western Pacific region (WPRO),40-59,283838.0,276223.0,560061.0
WHO: Western Pacific region (WPRO),60+,160287.0,180355.0,340642.0
West African Economic and Monetary Union (UEMOA),0-19,36678.0,35744.0,72422.0
West African Economic and Monetary Union (UEMOA),20-39,18186.0,18330.0,36516.0
West African Economic and Monetary Union (UEMOA),40-59,7840.0,8329.0,16169.0
West African Economic and Monetary Union (UEMOA),60+,2652.0,3072.0,5724.0
Western Africa,0-19,110074.0,106270.0,216344.0
Western Africa,20-39,57284.0,56413.0,113697.0
Western Africa,40-59,26370.0,27130.0,53500.0
Western Africa,60+,8540.0,9759.0,18299.0
Western Asia,0-19,51986.0,49501.0,101487.0
Western Asia,20-39,50629.0,42809.0,93438.0
Western Asia,40-59,32431.0,27568.0,59999.0
Western Asia,60+,11400.0,13291.0,24691.0
Western Europe,0-19,21165.0,19993.0,41158.0
Western Europe,20-39,24162.0,23370.0,47532.0
Western Europe,40-59,26828.0,26933.0,53761.0
Western Europe,60+,24207.0,29469.0,53676.0
Western European and Others Group (WEOG),0-19,111448.0,106127.0,217575.0
Western European and Others Group (WEOG),20-39,122393.0,119169.0,241562.0
Western European and Others Group (WEOG),40-59,121298.0,122734.0,244032.0
Western European and Others Group (WEOG),60+,100384.0,120147.0,220531.0
Western Sahara,0-19,105.0,102.0,207.0
Western Sahara,20-39,110.0,99.0,209.0
Western Sahara,40-59,70.0,60.0,130.0
Western Sahara,60+,17.0,14.0,31.0
World,0-19,1340498.0,1255342.0,2595840.0
World,20-39,1200028.0,1142396.0,2342424.0
World,40-59,905445.0,901327.0,1806772.0
World,60+,483990.0,565748.0,1049738.0
World Bank Regional Groups (developing only),0-19,1196098.0,1117923.0,2314021.0
World Bank Regional Groups (developing only),20-39,1027192.0,981777.0,2008969.0
World Bank Regional Groups (developing only),40-59,732163.0,732560.0,1464723.0
World Bank Regional Groups (developing only),60+,344103.0,396923.0,741026.0
Yemen,0-19,7532.0,7248.0,14780.0
Yemen,20-39,4982.0,4888.0,9870.0
Yemen,40-59,1865.0,1917.0,3782.0
Yemen,60+,636.0,739.0,1375.0
Zambia,0-19,5143.0,5066.0,10209.0
Zambia,20-39,2634.0,2727.0,5361.0
Zambia,40-59,1058.0,1112.0,2170.0
Zambia,60+,258.0,365.0,623.0
Zimbabwe,0-19,3941.0,3923.0,7864.0
Zimbabwe,20-39,1993.0,2354.0,4347.0
Zimbabwe,40-59,892.0,1060.0,1952.0
Zimbabwe,60+,257.0,424.0,681.0
